,,4/24/2026,Latest Pipeline Update Date,,,,,,,,,,,,,,,,,,,,Link to Randomization Goals,,,,,,,,,,,,,,,,,,,Site Selector:,,,,,,,,,,,,,,,,,,Sponsor Selection:,,"Click on the upper ""+"" view month and lower ""+"" to view Qtr ",,,,,,,,,,,,,,,,,,,,,,,,,,,,,,,,,,,,,,,,,,,,,,,,,,,,,,,,,,,,,,,,,,,,,,,,,,,,,,,,,,,,,,,,,,,,,,,,,,,,,,,,,,,,,,,,,
,,4/24/2026,Latest PMT Update Date,,,,,,,,,,,,,,,,,,,,Randomization Goals - Executive Use,,,,,,,,,,,,,,,,,,,All,,,,,,,,,,,,,,,,,,All,,,,,,,,,,,,,,,,,,,,,,,,,,,,,,,,,,,,,,,,,,,,,,,,,,,,,,,,,,,,,,,,,,,,,,,,,,,,,,,,,,,,,,,,,,,,,,,,,,,,,,,,,,,,,,,,,,,
,,OK,Control Error Check,,,,,,,,,,,,,,,,,,,,,,,,,,,,,,,,,,,,,,,PI Selector:,,,,,,,,,,,,,,,,,,State Selector:,,,,,,,,,,,,,,,,,,,,,,,,,,,,,,,,,,,,,,,,,,,,,,,,,,,,,,,,,,,,,,,,,,,,,,,,,,,,,,,,,,,,,,,,,,,,,,,,,,,,,,,,,,,,,,,,,,,
,,,,,,,,,,,,,,,,,,,,,,,,,,,,,,,,,,,,,,,,,,All,,,,,,,,,,,,,,,,,,All,,,,,,,,,,,,,,,,,,,,,,,,,,,,,,,,,,,,,,,,,,,,,,,,,,,,,,,,,,,,,,,,,,,,,,,,,,,,,,,,,,,,,,,,,,,,,,,,,,,,,,,,,,,,,,,,,,,
,,Green = Forecast (FCST),Blue = mix of actuals and forecast (ACT/FCST),Gray = Actuals (ACT),,,,,,,,,,,,,,,,,,,,,,,,,,,,,,,,,,,,,,,,,,,,,,,,,,,,,,,,,,,,,,,,,,,,,,,,,,,,,,,,,,,,,,,,,,,,,,,,,,,,,,,,,,,,,,,,,,,,,,,,,,,,,,,,,,,,,,,,,,,,,,,,,,,,,,,,,,,,,,,,,,,,,,,,,,,
,,black numbers = calculation or reference,,,,,,,,,,,,,,,,,,,,,,,,,,,,,,,,,,,,,,,,,,,,,,,,,,,,,,,,,,,,,,,,,,,,,,,,,,,,,,,,,,,,,,,,,,,,,,,,,,,,,,,,,,,,,,,,,,,,,,,,,,,,,,,,,,,,,,,,,,,,,,,,,,,,,,,,,,,,,,,,,,,,,,,,,,,,,
,,blue numbers = hard-coded value / Input,,,,,,,,,,,,,,,,,,,,,,,,,,,,,,,,,,,,,,,,,,,,,,,,,,,,,,,,,,,,,,,,,,,,,,,,,,,,,,,,,,,,,,,,,,,,,,,,,,,,,,,,,,,,,,,,,,,,,,,,,,,,,,,,,,,,,,,,,,,,,,,,,,,,,,,,,,,,,,,,,,,,,,,,,,,,,
,,,,,,$ Values,,,,,,,,,,,,,,,,,,,,,,,,,,,,,,,,,,,,,,,,,,,,,,,,,,,,,,,,,,,,,,,,,,,,,,,,,,,,,,,,,,,,,,,,,,,,Points,,,,,,,,,,,,,,,,,,,,,,,,,,,,,,,,,,,,,,,,,,,,,,,,,,,,,,,,,,,,,,,,,,,,,,,,,,,,,
,,,Study Status,Counts,"2023
%",2023 Total,Qtr 1,Qtr 2,Qtr 3,Qtr 4,Jan 2023,Feb 2023,Mar 2023,Apr 2023,May 2023,Jun 2023,Jul 2023,Aug 2023,Sep 2023,Oct 2023,Nov 2023,Dec 2023," 2024
%",2024 Total,Qtr 1,Qtr 2,Qtr 3,Qtr 4,Jan 2024,Feb 2024,Mar 2024,Apr 2024,May 2024,Jun 2024,Jul 2024,Aug 2024,Sep 2024,Oct 2024,Nov 2024,Dec 2024," 2025
%",2025 Total,Qtr 1,Qtr 2,Qtr 3,Qtr 4,Jan 2025,Feb 2025,Mar 2025,Apr 2025,May 2025,Jun 2025,Jul 2025,Aug 2025,Sep 2025,Oct 2025,Nov 2025,Dec 2025," 2026
%",2026 Total,2026,2026 Total,Qtr 1,Qtr 2,Qtr 3,Qtr 4,Jan2026,Feb2026,Mar2026,Apr 2026,May 2026,Jun 2026,Jul 2026,Aug 2026,Sep 2026,Oct 2026,Nov 2026,Dec 2026," 2027
%",2027 Total,Qtr 1,Qtr 2,Qtr 3,Qtr 4,Jan 2027,Feb 2027,Mar 2027,Apr 2027,May 2027,Jun 2027,Jul 2027,Aug 2027,Sep 2027,Oct 2027,Nov 2027,Dec 2027,,2023 Total,Qtr 1,Qtr 2,Qtr 3,Qtr 4,Jan 2023,Feb 2023,Mar 2023,Apr 2023,May 2023,Jun 2023,Jul 2023,Aug 2023,Sep 2023,Oct 2023,Nov 2023,Dec 2023,,2024 Total,Qtr 1,Qtr 2,Qtr 3,Qtr 4,Jan 2024,Feb 2024,Mar 2024,Apr 2024,May 2024,Jun 2024,Jul 2024,Aug 2024,Sep 2024,Oct 2024,Nov 2024,Dec 2024,,2025 Total,Qtr 1,Qtr 2,Qtr 3,Qtr 4,Jan 2025,Feb 2025,Mar 2025,Apr 2025,May 2025,Jun 2025,Jul 2025,Aug 2025,Sep 2025,Oct 2025,Nov 2025,Dec 2025,,2026 Total,2026,2026 Total,Qtr 1,Qtr 2,Qtr 3,Qtr 4,Jan 2026,Feb 2026,Mar 2026,Apr 2026,May 2026,Jun 2026,Jul 2026,Aug 2026,Sep 2026,Oct 2026,Nov 2026,Dec 2026,,,,,
,,,,,,Actuals,Actual,Actual,Actual,Actual,Actual,Actual,Actual,Actual,Actual,Actual,Actual,Actual,Actual,Actual,Actual,Actual,,Actual,Actual,Actual,Actual,Actual,Actual,Actual,Actual,Actual,Actual,Actual,Actual,Actual,Actual,Actual,Actual,Actual,,Actual,Actual,Actual,Actual,Actual,Actual,Actual,Actual,Actual,Actual,Actual,Actual,Actual,Actual,Actual,Actual,Actual,,ACT/FCST,Actual,Forecast,Actual,Forecast,Forecast,Forecast,Actual,Actual,Actual,Forecast,Forecast,Forecast,Forecast,Forecast,Forecast,Forecast,Forecast,Forecast,,Forecast,Forecast,Forecast,Forecast,Forecast,Forecast,Forecast,Forecast,Forecast,Forecast,Forecast,Forecast,Forecast,Forecast,Forecast,Forecast,Forecast,,Actuals,Actual,Actual,Actual,Actual,Actual,Actual,Actual,Actual,Actual,Actual,Actual,Actual,Actual,Actual,Actual,Actual,,Actual,Actual,Actual,Actual,Actual,Actual,Actual,Actual,Actual,Actual,Actual,Actual,Actual,Actual,Actual,Actual,Actual,,Actual,Actual,Actual,Actual,Actual,Actual,Actual,Actual,Actual,Actual,Actual,Actual,Actual,Actual,Actual,Actual,Actual,,ACT/FCST,Actual,Forecast,Actual ,Forecast,Forecast,Forecast,Actual,Actual,Actual,Forecast,Forecast,Forecast,Forecast,Forecast,Forecast,Forecast,Forecast,Forecast,,,,,
,,,,,,,,,,,,,,,,,,,,,,,,,,,,,,,,,,,,,,,,,,,,,,,,,,,,,,,,,,,,,,,,,,,,,,,,,,,,,,,,,,,,,,,,,,,,,,,,,,,,,,,,,,,,,,,,,,,,,,,,,,,,,,,,,,,,,,,,,,,,,,,,,,,,,,,,,,,,,,,,,,,,,,,,,,,,,,,
Pipeline,Vaccine,Pipeline,up to 24%,469,0.0%,  - ,  - ,  - ,  - ,  - ,  - ,  - ,  - ,  - ,  - ,  - ,  - ,  - ,  - ,  - ,  - ,  - ,0.0%,  - ,  - ,  - ,  - ,  - ,  - ,  - ,  - ,  - ,  - ,  - ,  - ,  - ,  - ,  - ,  - ,  - ,0.0%,  - ,  - ,  - ,  - ,  - ,  - ,  - ,  - ,  - ,  - ,  - ,  - ,  - ,  - ,  - ,  - ,  - ,0.3%,"  228,828 ",  - ,"  228,828 ",  - ,"  41,369 ","  86,818 ","  100,641 ",  - ,  - ,  - ,  - ,"  13,252 ","  28,117 ","  29,097 ","  29,097 ","  28,624 ","  33,912 ","  32,818 ","  33,912 ",,"  339,475 ","  98,658 ","  97,601 ","  87,872 ","  55,344 ","  34,129 ","  30,847 ","  33,683 ","  32,222 ","  33,296 ","  32,082 ","  32,184 ","  28,301 ","  27,388 ","  28,301 ","  17,708 ","  9,335 ",,  - ,  - ,  - ,  - ,  - ,  - ,  - ,  - ,  - ,  - ,  - ,  - ,  - ,  - ,  - ,  - ,  - ,,  - ,  - ,  - ,  - ,  - ,  - ,  - ,  - ,  - ,  - ,  - ,  - ,  - ,  - ,  - ,  - ,  - ,,  - ,  - ,  - ,  - ,  - ,  - ,  - ,  - ,  - ,  - ,  - ,  - ,  - ,  - ,  - ,  - ,  - ,,  254 ,  - ,  254 ,  - ,  46 ,  96 ,  112 ,  - ,  - ,  - ,  - ,  15 ,  31 ,  32 ,  32 ,  32 ,  38 ,  36 ,  38 ,,,,,
Pipeline,Vaccine,,From 25% to 74%,10,0.0%,  - ,  - ,  - ,  - ,  - ,  - ,  - ,  - ,  - ,  - ,  - ,  - ,  - ,  - ,  - ,  - ,  - ,0.0%,  - ,  - ,  - ,  - ,  - ,  - ,  - ,  - ,  - ,  - ,  - ,  - ,  - ,  - ,  - ,  - ,  - ,0.0%,  - ,  - ,  - ,  - ,  - ,  - ,  - ,  - ,  - ,  - ,  - ,  - ,  - ,  - ,  - ,  - ,  - ,0.8%,"  656,909 ",  - ,"  656,909 ",  - ,"  147,555 ","  254,677 ","  254,677 ",  - ,  - ,  - ,  - ,"  64,508 ","  83,047 ","  85,815 ","  85,815 ","  83,047 ","  85,815 ","  83,047 ","  85,815 ",,"  388,591 ","  247,733 ","  107,768 ","  27,929 ","  5,161 ","  85,815 ","  77,510 ","  84,408 ","  80,563 ","  18,098 ","  9,107 ","  9,411 ","  9,411 ","  9,107 ","  5,161 ",  - ,  - ,,  - ,  - ,  - ,  - ,  - ,  - ,  - ,  - ,  - ,  - ,  - ,  - ,  - ,  - ,  - ,  - ,  - ,,  - ,  - ,  - ,  - ,  - ,  - ,  - ,  - ,  - ,  - ,  - ,  - ,  - ,  - ,  - ,  - ,  - ,,  - ,  - ,  - ,  - ,  - ,  - ,  - ,  - ,  - ,  - ,  - ,  - ,  - ,  - ,  - ,  - ,  - ,,  730 ,  - ,  730 ,  - ,  164 ,  283 ,  283 ,  - ,  - ,  - ,  - ,  72 ,  92 ,  95 ,  95 ,  92 ,  95 ,  92 ,  95 ,,,,,
Pipeline,Vaccine,,From 75% and above,22,0.0%,  - ,  - ,  - ,  - ,  - ,  - ,  - ,  - ,  - ,  - ,  - ,  - ,  - ,  - ,  - ,  - ,  - ,0.0%,  - ,  - ,  - ,  - ,  - ,  - ,  - ,  - ,  - ,  - ,  - ,  - ,  - ,  - ,  - ,  - ,  - ,0.0%,  - ,  - ,  - ,  - ,  - ,  - ,  - ,  - ,  - ,  - ,  - ,  - ,  - ,  - ,  - ,  - ,  - ,3.1%,"  2,492,330 ",  - ,"  2,492,330 ",  - ,  - ,"  154,186 ","  2,338,144 ",  - ,  - ,  - ,  - ,  - ,  - ,  - ,  - ,"  154,186 ","  1,089,421 ","  806,524 ","  442,199 ",,"  1,067,907 ","  533,023 ","  517,544 ","  11,560 ","  5,780 ","  200,424 ","  179,950 ","  152,649 ","  187,724 ","  198,550 ","  131,270 ","  4,335 ",  - ,"  7,225 ","  5,780 ",  - ,  - ,,  - ,  - ,  - ,  - ,  - ,  - ,  - ,  - ,  - ,  - ,  - ,  - ,  - ,  - ,  - ,  - ,  - ,,  - ,  - ,  - ,  - ,  - ,  - ,  - ,  - ,  - ,  - ,  - ,  - ,  - ,  - ,  - ,  - ,  - ,,  - ,  - ,  - ,  - ,  - ,  - ,  - ,  - ,  - ,  - ,  - ,  - ,  - ,  - ,  - ,  - ,  - ,,"  2,769 ",  - ,"  2,769 ",  - ,  - ,  171 ,"  2,598 ",  - ,  - ,  - ,  - ,  - ,  - ,  - ,  - ,  171 ,"  1,210 ",  896 ,  491 ,,,,,
Pipeline,Vaccine,,Pipeline - Vaccine,501,0.0%,  - ,  - ,  - ,  - ,  - ,  - ,  - ,  - ,  - ,  - ,  - ,  - ,  - ,  - ,  - ,  - ,  - ,0.0%,  - ,  - ,  - ,  - ,  - ,  - ,  - ,  - ,  - ,  - ,  - ,  - ,  - ,  - ,  - ,  - ,  - ,0.0%,  - ,  - ,  - ,  - ,  - ,  - ,  - ,  - ,  - ,  - ,  - ,  - ,  - ,  - ,  - ,  - ,  - ,5.1%,"  3,378,067 ",  - ,"  3,378,067 ",  - ,"  188,924 ","  495,681 ","  2,693,462 ",  - ,  - ,  - ,  - ,"  77,760 ","  111,164 ","  114,912 ","  114,912 ","  265,857 ","  1,209,148 ","  922,389 ","  561,925 ",9.4%,"  1,795,972 ","  879,414 ","  722,913 ","  127,360 ","  66,284 ","  320,368 ","  288,307 ","  270,739 ","  300,510 ","  249,944 ","  172,459 ","  45,929 ","  37,711 ","  43,720 ","  39,241 ","  17,708 ","  9,335 ",,  - ,  - ,  - ,  - ,  - ,  - ,  - ,  - ,  - ,  - ,  - ,  - ,  - ,  - ,  - ,  - ,  - ,,  - ,  - ,  - ,  - ,  - ,  - ,  - ,  - ,  - ,  - ,  - ,  - ,  - ,  - ,  - ,  - ,  - ,,  - ,  - ,  - ,  - ,  - ,  - ,  - ,  - ,  - ,  - ,  - ,  - ,  - ,  - ,  - ,  - ,  - ,,"  3,753 ",  - ,"  3,753 ",  - ,  210 ,  551 ,"  2,993 ",  - ,  - ,  - ,  - ,  86 ,  124 ,  128 ,  128 ,  295 ,"  1,343 ","  1,025 ",  624 ,,,,,OK
,,,,,,,,,,,,,,,,,,,,,,,,,,,,,,,,,,,,,,,,,,,,,,,,,,,,,,,,,,,,,,,,,,,,,,,,,,,,,,,,,,,,,,,,,,,,,,,,,,,,,,,,,,,,,,,,,,,,,,,,,,,,,,,,,,,,,,  - ,,,,,,,,,,,,,,,,,,,,,,,,,,,,,,,,,,,,,,,,,
Pipeline,Non-Vaccine,,up to 24%,658,0.0%,  - ,  - ,  - ,  - ,  - ,  - ,  - ,  - ,  - ,  - ,  - ,  - ,  - ,  - ,  - ,  - ,  - ,0.0%,  - ,  - ,  - ,  - ,  - ,  - ,  - ,  - ,  - ,  - ,  - ,  - ,  - ,  - ,  - ,  - ,  - ,0.0%,  - ,  - ,  - ,  - ,  - ,  - ,  - ,  - ,  - ,  - ,  - ,  - ,  - ,  - ,  - ,  - ,  - ,0.4%,"  286,714 ",  - ,"  286,714 ",  - ,"  38,128 ","  116,161 ","  132,425 ",  - ,  - ,  - ,  366 ,"  11,322 ","  26,440 ","  34,696 ","  40,694 ","  40,772 ","  44,524 ","  42,903 ","  44,998 ",0.5%,"  381,600 ","  128,818 ","  110,694 ","  91,310 ","  50,778 ","  45,093 ","  39,894 ","  43,831 ","  42,148 ","  37,850 ","  30,696 ","  31,453 ","  31,041 ","  28,816 ","  26,724 ","  15,151 ","  8,903 ",,  - ,  - ,  - ,  - ,  - ,  - ,  - ,  - ,  - ,  - ,  - ,  - ,  - ,  - ,  - ,  - ,  - ,,  - ,  - ,  - ,  - ,  - ,  - ,  - ,  - ,  - ,  - ,  - ,  - ,  - ,  - ,  - ,  - ,  - ,,  - ,  - ,  - ,  - ,  - ,  - ,  - ,  - ,  - ,  - ,  - ,  - ,  - ,  - ,  - ,  - ,  - ,,  319 ,  - ,  319 ,  - ,  42 ,  129 ,  147 ,  - ,  - ,  - ,  0 ,  13 ,  29 ,  39 ,  45 ,  45 ,  49 ,  48 ,  50 ,,,,,
Pipeline,Non-Vaccine,,From 25% to 74%,158,0.0%,  - ,  - ,  - ,  - ,  - ,  - ,  - ,  - ,  - ,  - ,  - ,  - ,  - ,  - ,  - ,  - ,  - ,0.0%,  - ,  - ,  - ,  - ,  - ,  - ,  - ,  - ,  - ,  - ,  - ,  - ,  - ,  - ,  - ,  - ,  - ,0.0%,  - ,  - ,  - ,  - ,  - ,  - ,  - ,  - ,  - ,  - ,  - ,  - ,  - ,  - ,  - ,  - ,  - ,3.9%,"  3,129,219 ",  - ,"  3,129,219 ",  - ,"  167,814 ","  1,197,880 ","  1,763,525 ",  - ,  - ,  - ,  - ,"  48,240 ","  119,574 ","  161,822 ","  471,316 ","  564,742 ","  628,742 ","  575,502 ","  559,281 ",5.0%,"  3,978,590 ","  1,372,142 ","  980,986 ","  919,827 ","  705,635 ","  540,649 ","  438,329 ","  393,165 ","  335,147 ","  332,188 ","  313,651 ","  319,150 ","  308,962 ","  291,715 ","  288,690 ","  200,280 ","  216,665 ",,  - ,  - ,  - ,  - ,  - ,  - ,  - ,  - ,  - ,  - ,  - ,  - ,  - ,  - ,  - ,  - ,  - ,,  - ,  - ,  - ,  - ,  - ,  - ,  - ,  - ,  - ,  - ,  - ,  - ,  - ,  - ,  - ,  - ,  - ,,  - ,  - ,  - ,  - ,  - ,  - ,  - ,  - ,  - ,  - ,  - ,  - ,  - ,  - ,  - ,  - ,  - ,,"  3,477 ",  - ,"  3,477 ",  - ,  186 ,"  1,331 ","  1,959 ",  - ,  - ,  - ,  - ,  54 ,  133 ,  180 ,  524 ,  627 ,  699 ,  639 ,  621 ,,,,,
Pipeline,Non-Vaccine,,From 75% and above,23,0.0%,  - ,  - ,  - ,  - ,  - ,  - ,  - ,  - ,  - ,  - ,  - ,  - ,  - ,  - ,  - ,  - ,  - ,0.0%,  - ,  - ,  - ,  - ,  - ,  - ,  - ,  - ,  - ,  - ,  - ,  - ,  - ,  - ,  - ,  - ,  - ,0.0%,  - ,  - ,  - ,  - ,  - ,  - ,  - ,  - ,  - ,  - ,  - ,  - ,  - ,  - ,  - ,  - ,  - ,1.1%,"  840,182 ",  - ,"  840,182 ",  - ,"  50,991 ","  309,302 ","  479,888 ",  - ,  - ,  - ,  - ,"  24,753 ","  26,238 ","  64,712 ","  108,395 ","  136,195 ","  173,977 ","  142,762 ","  163,150 ",1.1%,"  887,488 ","  355,705 ","  217,784 ","  156,512 ","  157,488 ","  150,522 ","  105,154 ","  100,030 ","  82,206 ","  76,854 ","  58,725 ","  58,575 ","  51,541 ","  46,396 ","  56,458 ","  44,758 ","  56,272 ",,  - ,  - ,  - ,  - ,  - ,  - ,  - ,  - ,  - ,  - ,  - ,  - ,  - ,  - ,  - ,  - ,  - ,,  - ,  - ,  - ,  - ,  - ,  - ,  - ,  - ,  - ,  - ,  - ,  - ,  - ,  - ,  - ,  - ,  - ,,  - ,  - ,  - ,  - ,  - ,  - ,  - ,  - ,  - ,  - ,  - ,  - ,  - ,  - ,  - ,  - ,  - ,,  934 ,  - ,  934 ,  - ,  57 ,  344 ,  533 ,  - ,  - ,  - ,  - ,  28 ,  29 ,  72 ,  120 ,  151 ,  193 ,  159 ,  181 ,,,,,
Pipeline,Non-Vaccine,,Pipeline - Non-Vaccine,839,0.0%,  - ,  - ,  - ,  - ,  - ,  - ,  - ,  - ,  - ,  - ,  - ,  - ,  - ,  - ,  - ,  - ,  - ,0.0%,  - ,  - ,  - ,  - ,  - ,  - ,  - ,  - ,  - ,  - ,  - ,  - ,  - ,  - ,  - ,  - ,  - ,0.0%,  - ,  - ,  - ,  - ,  - ,  - ,  - ,  - ,  - ,  - ,  - ,  - ,  - ,  - ,  - ,  - ,  - ,6.4%,"  4,256,115 ",  - ,"  4,256,115 ",  - ,"  256,934 ","  1,623,343 ","  2,375,838 ",  - ,  - ,  - ,  366 ,"  84,315 ","  172,253 ","  261,230 ","  620,405 ","  741,709 ","  847,242 ","  761,167 ","  767,429 ",27.5%,"  5,247,678 ","  1,856,666 ","  1,309,464 ","  1,167,648 ","  913,900 ","  736,264 ","  583,376 ","  537,026 ","  459,500 ","  446,891 ","  403,072 ","  409,178 ","  391,544 ","  366,926 ","  371,872 ","  260,189 ","  281,840 ",,  - ,  - ,  - ,  - ,  - ,  - ,  - ,  - ,  - ,  - ,  - ,  - ,  - ,  - ,  - ,  - ,  - ,,  - ,  - ,  - ,  - ,  - ,  - ,  - ,  - ,  - ,  - ,  - ,  - ,  - ,  - ,  - ,  - ,  - ,,  - ,  - ,  - ,  - ,  - ,  - ,  - ,  - ,  - ,  - ,  - ,  - ,  - ,  - ,  - ,  - ,  - ,,"  4,729 ",  - ,"  4,729 ",  - ,  285 ,"  1,804 ","  2,640 ",  - ,  - ,  - ,  0 ,  94 ,  191 ,  290 ,  689 ,  824 ,  941 ,  846 ,  853 ,,,,,OK
,,,,,,,,,,,,,,,,,,,,,,,,,,,,,,,,,,,,,,,,,,,,,,,,,,,,,,,,,,,,,,,,,,,,,,,,,,,,,,,,,,,,,,,,,,,,,,,,,,,,,,,,,,,,,,,,,,,,,,,,,,,,,,,,,,,,,,,,,,,,,,,,,,,,,,,,,,,,,,,,,,,,,,,,,,,,,,,
,,,Total - Pipeline,"2,179",0.0%,  - ,  - ,  - ,  - ,  - ,  - ,  - ,  - ,  - ,  - ,  - ,  - ,  - ,  - ,  - ,  - ,  - ,0.0%,  - ,  - ,  - ,  - ,  - ,  - ,  - ,  - ,  - ,  - ,  - ,  - ,  - ,  - ,  - ,  - ,  - ,0.0%,  - ,  - ,  - ,  - ,  - ,  - ,  - ,  - ,  - ,  - ,  - ,  - ,  - ,  - ,  - ,  - ,  - ,11.5%,"  7,634,182 ",  - ,"  7,634,182 ",  - ,"  445,858 ","  2,119,024 ","  5,069,300 ",  - ,  - ,  - ,  366 ,"  162,075 ","  283,417 ","  376,142 ","  735,317 ","  1,007,566 ","  2,056,390 ","  1,683,556 ","  1,329,355 ",37.0%,"  7,043,650 ","  2,736,080 ","  2,032,377 ","  1,295,009 ","  980,185 ","  1,056,632 ","  871,683 ","  807,765 ","  760,010 ","  696,835 ","  575,531 ","  455,107 ","  429,256 ","  410,646 ","  411,113 ","  277,897 ","  291,175 ",,  - ,  - ,  - ,  - ,  - ,  - ,  - ,  - ,  - ,  - ,  - ,  - ,  - ,  - ,  - ,  - ,  - ,,  - ,  - ,  - ,  - ,  - ,  - ,  - ,  - ,  - ,  - ,  - ,  - ,  - ,  - ,  - ,  - ,  - ,,  - ,  - ,  - ,  - ,  - ,  - ,  - ,  - ,  - ,  - ,  - ,  - ,  - ,  - ,  - ,  - ,  - ,,"  8,482 ",  - ,"  8,482 ",  - ,  495 ,"  2,354 ","  5,633 ",  - ,  - ,  - ,  0 ,  180 ,  315 ,  418 ,  817 ,"  1,120 ","  2,285 ","  1,871 ","  1,477 ",,,,,OK
,,,,,,,,,,,,,,,,,,,,,,,,,,,,,,,,,,,,,,,,,,,,,,,,,,,,,,,,,,,,,,,,,,,,,,,,,,,,,,,,,,,,,,,,,,,,,,,,,,,,,,,,,,,,,,,,,,,,,,,,,,,,,,,,,,,,,,,,,,,,,,,,,,,,,,,,,,,,,,,,,,,,,,,,,,,,,,Revenue Concentration Check,#REF!
Awarded,Vaccine,Backlog,Awarded - Vaccine,24,0.0%,  - ,  - ,  - ,  - ,  - ,  - ,  - ,  - ,  - ,  - ,  - ,  - ,  - ,  - ,  - ,  - ,  - ,0.0%,  - ,  - ,  - ,  - ,  - ,  - ,  - ,  - ,  - ,  - ,  - ,  - ,  - ,  - ,  - ,  - ,  - ,0.0%,  - ,  - ,  - ,  - ,  - ,  - ,  - ,  - ,  - ,  - ,  - ,  - ,  - ,  - ,  - ,  - ,  - ,7.9%,"  6,236,001 ",  - ,"  6,236,001 ",  - ,"  14,315 ","  87,089 ","  6,134,597 ",  - ,  - ,  - ,  - ,"  4,110 ","  10,204 ","  17,872 ","  17,638 ","  51,579 ","  4,872,200 ","  1,085,225 ","  177,172 ",3.4%,"  2,718,371 ","  1,191,596 ","  1,186,734 ","  170,451 ","  169,591 ","  707,522 ","  476,866 ","  7,208 ","  655,625 ","  522,047 ","  9,062 ","  116,210 ","  51,032 ","  3,210 ","  96,476 ","  70,413 ","  2,701 ",,  - ,  - ,  - ,  - ,  - ,  - ,  - ,  - ,  - ,  - ,  - ,  - ,  - ,  - ,  - ,  - ,  - ,,  - ,  - ,  - ,  - ,  - ,  - ,  - ,  - ,  - ,  - ,  - ,  - ,  - ,  - ,  - ,  - ,  - ,,  - ,  - ,  - ,  - ,  - ,  - ,  - ,  - ,  - ,  - ,  - ,  - ,  - ,  - ,  - ,  - ,  - ,,"  6,929 ",  - ,"  6,929 ",  - ,  16 ,  97 ,"  6,816 ",  - ,  - ,  - ,  - ,  5 ,  11 ,  20 ,  20 ,  57 ,"  5,414 ","  1,206 ",  197 ,,,,Combine Table,#REF!
Awarded,Non-Vaccine,,Awarded - Non-Vaccine,58,0.0%,  - ,  - ,  - ,  - ,  - ,  - ,  - ,  - ,  - ,  - ,  - ,  - ,  - ,  - ,  - ,  - ,  - ,0.0%,  - ,  - ,  - ,  - ,  - ,  - ,  - ,  - ,  - ,  - ,  - ,  - ,  - ,  - ,  - ,  - ,  - ,0.0%,"  21,700 ",  - ,  - ,  - ,"  21,700 ",  - ,  - ,  - ,  - ,  - ,  - ,  - ,  - ,  - ,  - ,"  21,700 ",  - ,5.7%,"  4,535,802 ",  - ,"  4,535,802 ",  - ,"  454,640 ","  2,118,455 ","  1,962,707 ",  - ,  - ,  - ,  - ,"  17,149 ","  437,491 ","  665,596 ","  712,331 ","  740,528 ","  802,348 ","  651,555 ","  508,803 ",2.9%,"  2,339,181 ","  941,659 ","  733,919 ","  401,390 ","  262,212 ","  415,894 ","  220,025 ","  305,740 ","  209,906 ","  202,957 ","  321,056 ","  159,609 ","  134,837 ","  106,943 ","  119,578 ","  70,691 ","  71,943 ",,  - ,  - ,  - ,  - ,  - ,  - ,  - ,  - ,  - ,  - ,  - ,  - ,  - ,  - ,  - ,  - ,  - ,,  - ,  - ,  - ,  - ,  - ,  - ,  - ,  - ,  - ,  - ,  - ,  - ,  - ,  - ,  - ,  - ,  - ,,  24 ,  - ,  - ,  - ,  24 ,  - ,  - ,  - ,  - ,  - ,  - ,  - ,  - ,  - ,  - ,  24 ,  - ,,"  5,040 ","  21,700 ","  5,040 ",  - ,  505 ,"  2,354 ","  2,181 ",  - ,  - ,  - ,  - ,  19 ,  486 ,  740 ,  791 ,  823 ,  891 ,  724 ,  565 ,,,,,
,,,Awarded,82,0.0%,  - ,  - ,  - ,  - ,  - ,  - ,  - ,  - ,  - ,  - ,  - ,  - ,  - ,  - ,  - ,  - ,  - ,0.0%,  - ,  - ,  - ,  - ,  - ,  - ,  - ,  - ,  - ,  - ,  - ,  - ,  - ,  - ,  - ,  - ,  - ,0.0%,"  21,700 ",  - ,  - ,  - ,"  21,700 ",  - ,  - ,  - ,  - ,  - ,  - ,  - ,  - ,  - ,  - ,"  21,700 ",  - ,16.2%,"  10,771,803 ",  - ,"  10,771,803 ",  - ,"  468,955 ","  2,205,545 ","  8,097,304 ",  - ,  - ,  - ,  - ,"  21,259 ","  447,695 ","  683,468 ","  729,969 ","  792,107 ","  5,674,548 ","  1,736,780 ","  685,976 ",26.5%,"  5,057,552 ","  2,133,255 ","  1,920,653 ","  571,841 ","  431,803 ","  1,123,416 ","  696,891 ","  312,948 ","  865,532 ","  725,004 ","  330,118 ","  275,819 ","  185,869 ","  110,153 ","  216,054 ","  141,105 ","  74,644 ",,  - ,  - ,  - ,  - ,  - ,  - ,  - ,  - ,  - ,  - ,  - ,  - ,  - ,  - ,  - ,  - ,  - ,,  - ,  - ,  - ,  - ,  - ,  - ,  - ,  - ,  - ,  - ,  - ,  - ,  - ,  - ,  - ,  - ,  - ,,  24 ,  - ,  - ,  - ,  24 ,  - ,  - ,  - ,  - ,  - ,  - ,  - ,  - ,  - ,  - ,  24 ,  - ,,"  11,969 ",  - ,"  11,969 ",  - ,  521 ,"  2,451 ","  8,997 ",  - ,  - ,  - ,  - ,  24 ,  497 ,  759 ,  811 ,  880 ,"  6,305 ","  1,930 ",  762 ,,24.11111111,,,
,,,,,,,,,,,,,,,,,,,,,,,,,,,,,,,,,,,,,,,,,0.0%,,,,,,,,,,,,,,,,,,0.0%,,  - ,,,,,,,,,,,,,,,,,,0.0%,,,,,,,,,,,,,,,,,,,,,,,,,,,,,,,,,,,,,,,,,,,,,,,,,,,,,,,,,,,,,,,,,,,,,,,,,,,,,,,,,,,,,,,,,,,,,,,,
Enrolling,Vaccine,,Enrolling - Vaccine,20,0.0%,  - ,  - ,  - ,  - ,  - ,  - ,  - ,  - ,  - ,  - ,  - ,  - ,  - ,  - ,  - ,  - ,  - ,0.0%,  - ,  - ,  - ,  - ,  - ,  - ,  - ,  - ,  - ,  - ,  - ,  - ,  - ,  - ,  - ,  - ,  - ,0.4%,"  273,761 ","  24,359 ",  - ,"  30,802 ","  218,600 ","  23,126 ","  1,233 ",  - ,  - ,  - ,  - ,"  11,311 ","  8,543 ","  10,948 ","  2,256 ","  1,103 ","  215,241 ",21.6%,"  14,360,858 ","  7,038,397 ","  7,322,461 ","  7,038,397 ","  4,660,356 ","  1,416,772 ","  1,245,333 ","  882,819 ","  2,170,737 ","  3,984,841 ","  2,423,819 ","  1,404,322 ","  832,214 ","  629,128 ","  421,037 ","  366,607 ","  543,252 ","  363,651 ","  338,429 ",9.4%,"  1,785,566 ","  700,208 ","  670,975 ","  281,940 ","  132,443 ","  233,225 ","  219,789 ","  247,193 ","  232,571 ","  219,996 ","  218,408 ","  158,113 ","  97,439 ","  26,388 ","  48,822 ","  39,611 ","  44,010 ",,  - ,  - ,  - ,  - ,  - ,  - ,  - ,  - ,  - ,  - ,  - ,  - ,  - ,  - ,  - ,  - ,  - ,,  - ,  - ,  - ,  - ,  - ,  - ,  - ,  - ,  - ,  - ,  - ,  - ,  - ,  - ,  - ,  - ,  - ,,  304 ,  27 ,  - ,  34 ,  243 ,  26 ,  1 ,  - ,  - ,  - ,  - ,  13 ,  9 ,  12 ,  3 ,  1 ,  239 ,,"  15,957 ","  249,402 ","  15,957 ","  7,820 ","  5,178 ","  1,574 ","  1,384 ",  981 ,"  2,412 ","  4,428 ","  2,693 ","  1,560 ",  925 ,  699 ,  468 ,  407 ,  604 ,  404 ,  376 ,,,,,#REF!
Enrolling,Non-Vaccine,,Enrolling - Non-Vaccine,63,0.2%,"  242,111 ","  43,641 ","  82,412 ","  46,452 ","  69,606 ","  21,314 ","  11,329 ","  10,998 ","  10,142 ","  40,963 ","  31,307 ","  21,080 ","  14,104 ","  11,268 ","  21,246 ","  25,297 ","  23,063 ",0.3%,"  237,459 ","  51,121 ","  37,996 ","  30,932 ","  117,410 ","  16,773 ","  21,463 ","  12,885 ","  9,299 ","  21,445 ","  7,252 ","  2,226 ","  10,301 ","  18,405 ","  51,024 ","  29,773 ","  36,613 ",2.7%,"  1,768,397 ","  101,079 ","  210,356 ","  447,834 ","  1,009,128 ","  11,936 ","  45,885 ","  43,258 ","  45,569 ","  73,018 ","  91,769 ","  92,111 ","  190,510 ","  165,213 ","  327,798 ","  305,829 ","  375,501 ",12.2%,"  8,110,405 ","  1,374,963 ","  6,735,442 ","  1,374,963 ","  2,058,418 ","  2,592,737 ","  2,084,286 ","  374,640 ","  416,555 ","  583,768 ","  478,467 ","  743,139 ","  836,812 ","  930,792 ","  864,105 ","  797,840 ","  757,244 ","  684,651 ","  642,392 ",21.9%,"  4,169,196 ","  1,328,695 ","  1,097,344 ","  1,041,175 ","  701,982 ","  471,976 ","  400,372 ","  456,347 ","  407,804 ","  357,905 ","  331,635 ","  355,842 ","  352,031 ","  333,302 ","  240,626 ","  271,823 ","  189,534 ",,  269 ,  48 ,  92 ,  52 ,  77 ,  24 ,  13 ,  12 ,  11 ,  46 ,  35 ,  23 ,  16 ,  13 ,  24 ,  28 ,  26 ,,  264 ,  57 ,  42 ,  34 ,  130 ,  19 ,  24 ,  14 ,  10 ,  24 ,  8 ,  2 ,  11 ,  20 ,  57 ,  33 ,  41 ,,"  1,965 ",  112 ,  234 ,  498 ,"  1,121 ",  13 ,  51 ,  48 ,  51 ,  81 ,  102 ,  102 ,  212 ,  184 ,  364 ,  340 ,  417 ,,"  9,012 ","  1,710,576 ","  9,012 ","  1,528 ","  2,287 ","  2,881 ","  2,316 ",  416 ,  463 ,  649 ,  532 ,  826 ,  930 ,"  1,034 ",  960 ,  886 ,  841 ,  761 ,  714 ,,,,,#REF!
,,,Enrolling,83,0.2%,"  242,111 ","  43,641 ","  82,412 ","  46,452 ","  69,606 ","  21,314 ","  11,329 ","  10,998 ","  10,142 ","  40,963 ","  31,307 ","  21,080 ","  14,104 ","  11,268 ","  21,246 ","  25,297 ","  23,063 ",0.3%,"  237,459 ","  51,121 ","  37,996 ","  30,932 ","  117,410 ","  16,773 ","  21,463 ","  12,885 ","  9,299 ","  21,445 ","  7,252 ","  2,226 ","  10,301 ","  18,405 ","  51,024 ","  29,773 ","  36,613 ",3.1%,"  2,042,158 ","  125,438 ","  210,356 ","  478,636 ","  1,227,728 ","  35,062 ","  47,118 ","  43,258 ","  45,569 ","  73,018 ","  91,769 ","  103,422 ","  199,053 ","  176,161 ","  330,054 ","  306,932 ","  590,742 ",33.8%,"  22,471,263 ","  8,413,360 ","  14,057,903 ","  8,413,360 ","  6,718,774 ","  4,009,509 ","  3,329,619 ","  1,257,459 ","  2,587,292 ","  4,568,609 ","  2,902,286 ","  2,147,461 ","  1,669,026 ","  1,559,920 ","  1,285,142 ","  1,164,448 ","  1,300,496 ","  1,048,302 ","  980,821 ",31.2%,"  5,954,762 ","  2,028,903 ","  1,768,319 ","  1,323,115 ","  834,426 ","  705,201 ","  620,161 ","  703,541 ","  640,375 ","  577,901 ","  550,043 ","  513,954 ","  449,470 ","  359,690 ","  289,448 ","  311,434 ","  233,544 ",,  269 ,  48 ,  92 ,  52 ,  77 ,  24 ,  13 ,  12 ,  11 ,  46 ,  35 ,  23 ,  16 ,  13 ,  24 ,  28 ,  26 ,,  264 ,  57 ,  42 ,  34 ,  130 ,  19 ,  24 ,  14 ,  10 ,  24 ,  8 ,  2 ,  11 ,  20 ,  57 ,  33 ,  41 ,,"  2,269 ",  139 ,  234 ,  532 ,"  1,364 ",  39 ,  52 ,  48 ,  51 ,  81 ,  102 ,  115 ,  221 ,  196 ,  367 ,  341 ,  656 ,,"  24,968 ",  - ,"  24,968 ","  9,348 ","  7,465 ","  4,455 ","  3,700 ","  1,397 ","  2,875 ","  5,076 ","  3,225 ","  2,386 ","  1,854 ","  1,733 ","  1,428 ","  1,294 ","  1,445 ","  1,165 ","  1,090 ",,,,,#REF!
,,,,,,,,,,,,,,,,,,,,,,,,,,,,,,,,,,,,,,,,,0.0%,,,,,,,,,,,,,,,,,,0.0%,,  - ,,,,,,,,,,,,,,,,,,0.0%,,,,,,,,,,,,,,,,,,,,,,,,,,,,,,,,,,,,,,,,,,,,,,,,,,,,,,,,,,,,,,,,,,,,,,,,,,,,,,,,,,,,,,,,,,,,,,,,#REF!
Maintenance,Vaccine,,Maintenance - Vaccine,215,8.3%,"  9,112,558 ","  1,215,279 ","  3,278,236 ","  2,076,352 ","  2,542,691 ","  425,196 ","  287,238 ","  502,845 ","  1,034,535 ","  1,028,167 ","  1,215,534 ","  607,894 ","  906,359 ","  562,099 ","  754,315 ","  734,604 ","  1,053,772 ",37.0%,"  29,347,935 ","  2,686,278 ","  2,501,630 ","  3,024,295 ","  21,135,732 ","  1,326,882 ","  835,548 ","  523,848 ","  662,700 ","  579,694 ","  1,259,236 ","  669,048 ","  1,444,375 ","  910,872 ","  9,553,571 ","  6,971,295 ","  4,610,866 ",72.3%,"  48,137,142 ","  10,664,041 ","  12,972,645 ","  6,649,037 ","  17,851,419 ","  3,824,023 ","  2,816,701 ","  4,023,317 ","  6,693,663 ","  3,708,354 ","  2,570,628 ","  2,794,407 ","  2,131,601 ","  1,723,029 ","  5,073,135 ","  5,526,983 ","  7,251,301 ",32.6%,"  21,689,906 ","  11,532,147 ","  10,157,759 ","  11,532,147 ","  5,715,696 ","  1,456,117 ","  2,985,947 ","  4,511,795 ","  3,880,509 ","  3,139,843 ","  2,052,208 ","  2,483,430 ","  1,180,058 ","  641,904 ","  403,529 ","  410,685 ","  1,182,156 ","  628,640 ","  1,175,151 ",3.4%,"  656,563 ","  461,216 ","  60,669 ","  110,430 ","  24,248 ","  401,586 ","  44,338 ","  15,292 ","  53,043 ","  4,745 ","  2,880 ","  9,637 ","  72,775 ","  28,019 ","  23,528 ",  720 ,  - ,,"  10,125 ","  1,350 ","  3,642 ","  2,307 ","  2,825 ",  472 ,  319 ,  559 ,"  1,149 ","  1,142 ","  1,351 ",  675 ,"  1,007 ",  625 ,  838 ,  816 ,"  1,171 ",,"  32,609 ","  2,985 ","  2,780 ","  3,360 ","  23,484 ","  1,474 ",  928 ,  582 ,  736 ,  644 ,"  1,399 ",  743 ,"  1,605 ","  1,012 ","  10,615 ","  7,746 ","  5,123 ",,"  53,486 ","  11,849 ","  14,414 ","  7,388 ","  19,835 ","  4,249 ","  3,130 ","  4,470 ","  7,437 ","  4,120 ","  2,856 ","  3,105 ","  2,368 ","  1,914 ","  5,637 ","  6,141 ","  8,057 ",,"  24,100 ","  41,496,418 ","  24,100 ","  12,813 ","  6,351 ","  1,618 ","  3,318 ","  5,013 ","  4,312 ","  3,489 ","  2,280 ","  2,759 ","  1,311 ",  713 ,  448 ,  456 ,"  1,314 ",  698 ,"  1,306 ",,,,,#REF!
Maintenance,Non-Vaccine,,Maintenance - Non-Vaccine,67,0.6%,"  635,085 ","  73,568 ","  119,586 ","  238,599 ","  203,332 ","  32,209 ","  19,583 ","  21,776 ","  31,982 ","  32,974 ","  54,630 ","  90,651 ","  80,558 ","  67,390 ","  54,130 ","  60,495 ","  88,707 ",5.5%,"  4,361,779 ","  549,493 ","  804,355 ","  1,508,911 ","  1,499,020 ","  177,323 ","  181,861 ","  190,309 ","  221,734 ","  239,951 ","  342,670 ","  476,267 ","  534,421 ","  498,223 ","  522,466 ","  485,787 ","  490,767 ",13.2%,"  8,782,396 ","  2,057,659 ","  2,238,099 ","  2,635,297 ","  1,851,341 ","  719,483 ","  691,326 ","  646,850 ","  695,196 ","  821,407 ","  721,496 ","  857,619 ","  938,061 ","  839,617 ","  767,135 ","  462,786 ","  621,420 ",5.3%,"  3,506,688 ","  1,589,127 ","  1,917,561 ","  1,589,127 ","  912,410 ","  745,573 ","  259,578 ","  540,207 ","  558,221 ","  490,699 ","  329,138 ","  265,998 ","  317,274 ","  282,972 ","  249,409 ","  213,191 ","  122,803 ","  83,035 ","  53,740 ",1.8%,"  344,141 ","  138,359 ","  99,443 ","  71,129 ","  35,210 ","  48,015 ","  46,941 ","  43,404 ","  34,434 ","  32,150 ","  32,859 ","  26,343 ","  29,598 ","  15,188 ","  12,060 ","  17,072 ","  6,079 ",,  706 ,  82 ,  133 ,  265 ,  226 ,  36 ,  22 ,  24 ,  36 ,  37 ,  61 ,  101 ,  90 ,  75 ,  60 ,  67 ,  99 ,,"  4,846 ",  611 ,  894 ,"  1,677 ","  1,666 ",  197 ,  202 ,  211 ,  246 ,  267 ,  381 ,  529 ,  594 ,  554 ,  581 ,  540 ,  545 ,,"  9,758 ","  2,286 ","  2,487 ","  2,928 ","  2,057 ",  799 ,  768 ,  719 ,  772 ,  913 ,  802 ,  953 ,"  1,042 ",  933 ,  852 ,  514 ,  690 ,,"  3,896 ","  7,371,587 ","  3,896 ","  1,766 ","  1,014 ",  828 ,  288 ,  600 ,  620 ,  545 ,  366 ,  296 ,  353 ,  314 ,  277 ,  237 ,  136 ,  92 ,  60 ,,,,,#REF!
,,,Maintenance,282,8.8%,"  9,747,643 ","  1,288,847 ","  3,397,822 ","  2,314,951 ","  2,746,023 ","  457,405 ","  306,821 ","  524,621 ","  1,066,517 ","  1,061,141 ","  1,270,164 ","  698,545 ","  986,917 ","  629,489 ","  808,445 ","  795,099 ","  1,142,479 ",42.5%,"  33,709,714 ","  3,235,771 ","  3,305,985 ","  4,533,206 ","  22,634,752 ","  1,504,205 ","  1,017,409 ","  714,157 ","  884,434 ","  819,645 ","  1,601,906 ","  1,145,315 ","  1,978,796 ","  1,409,095 ","  10,076,037 ","  7,457,082 ","  5,101,633 ",85.5%,"  56,919,538 ","  12,721,700 ","  15,210,744 ","  9,284,334 ","  19,702,760 ","  4,543,506 ","  3,508,027 ","  4,670,167 ","  7,388,859 ","  4,529,761 ","  3,292,124 ","  3,652,026 ","  3,069,662 ","  2,562,646 ","  5,840,270 ","  5,989,769 ","  7,872,721 ",37.9%,"  25,196,594 ","  13,121,274 ","  12,075,320 ","  13,121,274 ","  6,628,106 ","  2,201,689 ","  3,245,525 ","  5,052,002 ","  4,438,730 ","  3,630,542 ","  2,381,346 ","  2,749,428 ","  1,497,332 ","  924,876 ","  652,938 ","  623,876 ","  1,304,959 ","  711,675 ","  1,228,891 ",5.3%,"  1,000,704 ","  599,575 ","  160,112 ","  181,559 ","  59,458 ","  449,601 ","  91,279 ","  58,696 ","  87,478 ","  36,895 ","  35,739 ","  35,979 ","  102,373 ","  43,206 ","  35,588 ","  17,792 ","  6,079 ",,"  10,831 ","  1,432 ","  3,775 ","  2,572 ","  3,051 ",  508 ,  341 ,  583 ,"  1,185 ","  1,179 ","  1,411 ",  776 ,"  1,097 ",  699 ,  898 ,  883 ,"  1,269 ",,"  37,455 ","  3,595 ","  3,673 ","  5,037 ","  25,150 ","  1,671 ","  1,130 ",  794 ,  983 ,  911 ,"  1,780 ","  1,273 ","  2,199 ","  1,566 ","  11,196 ","  8,286 ","  5,668 ",,"  63,244 ","  14,135 ","  16,901 ","  10,316 ","  21,892 ","  5,048 ","  3,898 ","  5,189 ","  8,210 ","  5,033 ","  3,658 ","  4,058 ","  3,411 ","  2,847 ","  6,489 ","  6,655 ","  8,747 ",,"  27,996 ",  - ,"  27,996 ","  14,579 ","  7,365 ","  2,446 ","  3,606 ","  5,613 ","  4,932 ","  4,034 ","  2,646 ","  3,055 ","  1,664 ","  1,028 ",  725 ,  693 ,"  1,450 ",  791 ,"  1,365 ",,,,,#REF!
,,,,,,,,,,,,,,,,,,,,,,,,,,,,,,,,,,,,,,,,,0.0%,,,,,,,,,,,,,,,,,,0.0%,,  - ,,,,,,,,,,,,,,,,,,0.0%,,,,,,,,,,,,,,,,,,,,,,,,,,,,,,,,,,,,,,,,,,,,,,,,,,,,,,,,,,,,,,,,,,,,,,,,,,,,,,,,,,,,,,,,,,,,,,,,#REF!
Ready for Closeout,Vaccine,,Ready for Closeout - Vaccine,0,0.0%,  - ,  - ,  - ,  - ,  - ,  - ,  - ,  - ,  - ,  - ,  - ,  - ,  - ,  - ,  - ,  - ,  - ,0.0%,  - ,  - ,  - ,  - ,  - ,  - ,  - ,  - ,  - ,  - ,  - ,  - ,  - ,  - ,  - ,  - ,  - ,0.0%,  - ,  - ,  - ,  - ,  - ,  - ,  - ,  - ,  - ,  - ,  - ,  - ,  - ,  - ,  - ,  - ,  - ,0.0%,  - ,  - ,  - ,  - ,  - ,  - ,  - ,  - ,  - ,  - ,  - ,  - ,  - ,  - ,  - ,  - ,  - ,  - ,  - ,0.0%,  - ,  - ,  - ,  - ,  - ,  - ,  - ,  - ,  - ,  - ,  - ,  - ,  - ,  - ,  - ,  - ,  - ,,  - ,  - ,  - ,  - ,  - ,  - ,  - ,  - ,  - ,  - ,  - ,  - ,  - ,  - ,  - ,  - ,  - ,,  - ,  - ,  - ,  - ,  - ,  - ,  - ,  - ,  - ,  - ,  - ,  - ,  - ,  - ,  - ,  - ,  - ,,  - ,  - ,  - ,  - ,  - ,  - ,  - ,  - ,  - ,  - ,  - ,  - ,  - ,  - ,  - ,  - ,  - ,,  - ,  - ,  - ,  - ,  - ,  - ,  - ,  - ,  - ,  - ,  - ,  - ,  - ,  - ,  - ,  - ,  - ,  - ,  - ,,,,,#REF!
Ready for Closeout,Non-Vaccine,,Ready for Closeout - Non-Vaccine,0,0.0%,  - ,  - ,  - ,  - ,  - ,  - ,  - ,  - ,  - ,  - ,  - ,  - ,  - ,  - ,  - ,  - ,  - ,0.0%,  - ,  - ,  - ,  - ,  - ,  - ,  - ,  - ,  - ,  - ,  - ,  - ,  - ,  - ,  - ,  - ,  - ,0.0%,  - ,  - ,  - ,  - ,  - ,  - ,  - ,  - ,  - ,  - ,  - ,  - ,  - ,  - ,  - ,  - ,  - ,0.0%,  - ,  - ,  - ,  - ,  - ,  - ,  - ,  - ,  - ,  - ,  - ,  - ,  - ,  - ,  - ,  - ,  - ,  - ,  - ,0.0%,  - ,  - ,  - ,  - ,  - ,  - ,  - ,  - ,  - ,  - ,  - ,  - ,  - ,  - ,  - ,  - ,  - ,,  - ,  - ,  - ,  - ,  - ,  - ,  - ,  - ,  - ,  - ,  - ,  - ,  - ,  - ,  - ,  - ,  - ,,  - ,  - ,  - ,  - ,  - ,  - ,  - ,  - ,  - ,  - ,  - ,  - ,  - ,  - ,  - ,  - ,  - ,,  - ,  - ,  - ,  - ,  - ,  - ,  - ,  - ,  - ,  - ,  - ,  - ,  - ,  - ,  - ,  - ,  - ,,  - ,  - ,  - ,  - ,  - ,  - ,  - ,  - ,  - ,  - ,  - ,  - ,  - ,  - ,  - ,  - ,  - ,  - ,  - ,,,,,#REF!
,,,Ready For Closeout,0,0.0%,  - ,  - ,  - ,  - ,  - ,  - ,  - ,  - ,  - ,  - ,  - ,  - ,  - ,  - ,  - ,  - ,  - ,0.0%,  - ,  - ,  - ,  - ,  - ,  - ,  - ,  - ,  - ,  - ,  - ,  - ,  - ,  - ,  - ,  - ,  - ,0.0%,  - ,  - ,  - ,  - ,  - ,  - ,  - ,  - ,  - ,  - ,  - ,  - ,  - ,  - ,  - ,  - ,  - ,0.0%,  - ,  - ,  - ,  - ,  - ,  - ,  - ,  - ,  - ,  - ,  - ,  - ,  - ,  - ,  - ,  - ,  - ,  - ,  - ,0.0%,  - ,  - ,  - ,  - ,  - ,  - ,  - ,  - ,  - ,  - ,  - ,  - ,  - ,  - ,  - ,  - ,  - ,,  - ,  - ,  - ,  - ,  - ,  - ,  - ,  - ,  - ,  - ,  - ,  - ,  - ,  - ,  - ,  - ,  - ,,  - ,  - ,  - ,  - ,  - ,  - ,  - ,  - ,  - ,  - ,  - ,  - ,  - ,  - ,  - ,  - ,  - ,,  - ,  - ,  - ,  - ,  - ,  - ,  - ,  - ,  - ,  - ,  - ,  - ,  - ,  - ,  - ,  - ,  - ,,  - ,  - ,  - ,  - ,  - ,  - ,  - ,  - ,  - ,  - ,  - ,  - ,  - ,  - ,  - ,  - ,  - ,  - ,  - ,,,,,#REF!
,,,,,,,,,,,,,,,,,,,,,,,,,,,,,,,,,,,,,,,,,,,,,,,,,,,,,,,,,,,,,,,,,,,,,,,,,,,,,,,,,,,,,,,,,,,,,,,,,,,,,,,,,,,,,,,,,,,,,,,,,,,,,,,,,,,,,,,,,,,,,,,,,,,,,,,,,,,,,,,,,,,,,,,,,,,,,,,
Closed,Vaccine,,Closed - Vaccine,268,85.3%,"  94,092,684 ","  18,930,191 ","  22,079,290 ","  19,139,557 ","  33,943,646 ","  8,402,884 ","  5,348,848 ","  5,178,459 ","  5,591,803 ","  9,977,221 ","  6,510,266 ","  5,130,647 ","  8,103,961 ","  5,904,949 ","  12,505,196 ","  14,978,494 ","  6,459,956 ",50.6%,"  40,175,586 ","  14,726,468 ","  13,175,229 ","  5,656,306 ","  6,617,583 ","  5,944,053 ","  4,973,722 ","  3,808,693 ","  4,698,031 ","  6,309,031 ","  2,168,167 ","  2,670,424 ","  1,654,658 ","  1,331,224 ","  2,188,707 ","  3,363,111 ","  1,065,765 ",10.1%,"  6,740,172 ","  3,190,940 ","  2,532,479 ","  615,090 ","  401,663 ","  853,040 ","  237,300 ","  2,100,600 ","  1,341,769 ","  893,983 ","  296,727 ","  59,168 ","  424,179 ","  131,743 ","  283,197 ","  60,969 ","  57,497 ",0.6%,"  381,456 ","  381,456 ",  - ,"  381,456 ",  - ,  - ,  - ,"  90,782 ","  61,489 ","  229,185 ",  - ,  - ,  - ,  - ,  - ,  - ,  - ,  - ,  - ,0.0%,  - ,  - ,  - ,  - ,  - ,  - ,  - ,  - ,  - ,  - ,  - ,  - ,  - ,  - ,  - ,  - ,  - ,,"  104,547 ","  21,034 ","  24,533 ","  21,266 ","  37,715 ","  9,337 ","  5,943 ","  5,754 ","  6,213 ","  11,086 ","  7,234 ","  5,701 ","  9,004 ","  6,561 ","  13,895 ","  16,643 ","  7,178 ",,"  44,640 ","  16,363 ","  14,639 ","  6,285 ","  7,353 ","  6,605 ","  5,526 ","  4,232 ","  5,220 ","  7,010 ","  2,409 ","  2,967 ","  1,839 ","  1,479 ","  2,432 ","  3,737 ","  1,184 ",,"  7,489 ","  3,545 ","  2,814 ",  683 ,  446 ,  948 ,  264 ,"  2,334 ","  1,491 ",  993 ,  330 ,  66 ,  471 ,  146 ,  315 ,  68 ,  64 ,,  424 ,  - ,  424 ,  424 ,  - ,  - ,  - ,  101 ,  68 ,  255 ,  - ,  - ,  - ,  - ,  - ,  - ,  - ,  - ,  - ,,,,,#REF!
Closed,Non-Vaccine,,Closed - Non-Vaccine,110,5.7%,"  6,264,142 ","  2,241,502 ","  1,466,636 ","  1,505,105 ","  1,050,899 ","  596,370 ","  869,556 ","  775,576 ","  534,914 ","  571,862 ","  359,860 ","  318,781 ","  595,329 ","  590,995 ","  374,897 ","  424,896 ","  251,106 ",6.6%,"  5,225,093 ","  1,502,413 ","  1,993,630 ","  937,688 ","  791,362 ","  312,055 ","  566,707 ","  623,651 ","  506,725 ","  554,726 ","  932,179 ","  396,850 ","  261,955 ","  278,883 ","  246,426 ","  229,152 ","  315,784 ",1.3%,"  832,912 ","  461,946 ","  221,121 ","  62,293 ","  87,552 ","  166,687 ","  44,448 ","  250,811 ","  115,937 ","  78,720 ","  26,464 ","  93,284 ","  34,780 ","  (65,771)","  11,300 ","  74,903 ","  1,349 ",0.0%,"  16,199 ","  16,199 ",  - ,"  16,199 ",  - ,  - ,  - ,"  13,279 ","  2,920 ",  - ,  - ,  - ,  - ,  - ,  - ,  - ,  - ,  - ,  - ,0.0%,  - ,  - ,  - ,  - ,  - ,  - ,  - ,  - ,  - ,  - ,  - ,  - ,  - ,  - ,  - ,  - ,  - ,,"  6,960 ","  2,491 ","  1,630 ","  1,672 ","  1,168 ",  663 ,  966 ,  862 ,  594 ,  635 ,  400 ,  354 ,  661 ,  657 ,  417 ,  472 ,  279 ,,"  5,806 ","  1,669 ","  2,215 ","  1,042 ",  879 ,  347 ,  630 ,  693 ,  563 ,  616 ,"  1,036 ",  441 ,  291 ,  310 ,  274 ,  255 ,  351 ,,  925 ,  513 ,  246 ,  69 ,  97 ,  185 ,  49 ,  279 ,  129 ,  87 ,  29 ,  104 ,  39 ,  (73),  13 ,  83 ,  1 ,,  18 ,  - ,  18 ,  18 ,  - ,  - ,  - ,  15 ,  3 ,  - ,  - ,  - ,  - ,  - ,  - ,  - ,  - ,  - ,  - ,,,,,#REF!
,,,Closed,378,90.9%,"  100,356,826 ","  21,171,693 ","  23,545,926 ","  20,644,662 ","  34,994,545 ","  8,999,254 ","  6,218,404 ","  5,954,035 ","  6,126,717 ","  10,549,083 ","  6,870,126 ","  5,449,428 ","  8,699,290 ","  6,495,944 ","  12,880,093 ","  15,403,390 ","  6,711,062 ",57.2%,"  45,400,679 ","  16,228,881 ","  15,168,859 ","  6,593,994 ","  7,408,945 ","  6,256,108 ","  5,540,429 ","  4,432,344 ","  5,204,756 ","  6,863,757 ","  3,100,346 ","  3,067,274 ","  1,916,613 ","  1,610,107 ","  2,435,133 ","  3,592,263 ","  1,381,549 ",11.4%,"  7,573,084 ","  3,652,886 ","  2,753,600 ","  677,383 ","  489,215 ","  1,019,727 ","  281,748 ","  2,351,411 ","  1,457,706 ","  972,703 ","  323,191 ","  152,452 ","  458,959 ","  65,972 ","  294,497 ","  135,872 ","  58,846 ",0.6%,"  397,655 ","  397,655 ",  - ,"  397,655 ",  - ,  - ,  - ,"  104,061 ","  64,409 ","  229,185 ",  - ,  - ,  - ,  - ,  - ,  - ,  - ,  - ,  - ,0.0%,  - ,  - ,  - ,  - ,  - ,  - ,  - ,  - ,  - ,  - ,  - ,  - ,  - ,  - ,  - ,  - ,  - ,,"  111,508 ","  23,524 ","  26,162 ","  22,939 ","  38,883 ","  9,999 ","  6,909 ","  6,616 ","  6,807 ","  11,721 ","  7,633 ","  6,055 ","  9,666 ","  7,218 ","  14,311 ","  17,115 ","  7,457 ",,"  50,445 ","  18,032 ","  16,854 ","  7,327 ","  8,232 ","  6,951 ","  6,156 ","  4,925 ","  5,783 ","  7,626 ","  3,445 ","  3,408 ","  2,130 ","  1,789 ","  2,706 ","  3,991 ","  1,535 ",,"  8,415 ","  4,059 ","  3,060 ",  753 ,  544 ,"  1,133 ",  313 ,"  2,613 ","  1,620 ","  1,081 ",  359 ,  169 ,  510 ,  73 ,  327 ,  151 ,  65 ,,  442 ,  - ,  442 ,  442 ,  - ,  - ,  - ,  116 ,  72 ,  255 ,  - ,  - ,  - ,  - ,  - ,  - ,  - ,  - ,  - ,,,,,#REF!
,,,,,,,,,,,,,,,,,,,,,,,,,,,,,,,,,,,,,,,,,,,,,,,,,,,,,,,,,,,,,,,,,,,,,,,,,,,,,,,,,,,,,,,,,,,,,,,,,,,,,,,,,,,,,,,,,,,,,,,,,,,,,,,,,,,,,,,,,,,,,,,,,,,,,,,,,,,,,,,,,,,,,,,,,,,,,,,#REF!
Subtotal,Vaccine,,Subtotal - Vaccine,527,93.5%,"  103,205,242 ","  20,145,470 ","  25,357,526 ","  21,215,909 ","  36,486,337 ","  8,828,080 ","  5,636,086 ","  5,681,304 ","  6,626,338 ","  11,005,388 ","  7,725,800 ","  5,738,541 ","  9,010,320 ","  6,467,048 ","  13,259,511 ","  15,713,098 ","  7,513,728 ",87.6%,"  69,523,521 ","  17,412,746 ","  15,676,859 ","  8,680,601 ","  27,753,315 ","  7,270,935 ","  5,809,270 ","  4,332,541 ","  5,360,731 ","  6,888,725 ","  3,427,403 ","  3,339,472 ","  3,099,033 ","  2,242,096 ","  11,742,278 ","  10,334,406 ","  5,676,631 ",82.9%,"  55,151,075 ","  13,879,340 ","  15,505,124 ","  7,294,929 ","  18,471,682 ","  4,700,189 ","  3,055,234 ","  6,123,917 ","  8,035,432 ","  4,602,337 ","  2,867,355 ","  2,864,886 ","  2,564,323 ","  1,865,720 ","  5,358,588 ","  5,589,055 ","  7,524,039 ",64.2%,"  42,668,221 ","  18,952,000 ","  23,716,221 ","  18,952,000 ","  10,390,366 ","  2,959,978 ","  10,365,877 ","  5,485,396 ","  6,112,735 ","  7,353,869 ","  4,476,028 ","  3,891,862 ","  2,022,476 ","  1,288,903 ","  842,204 ","  828,871 ","  6,597,608 ","  2,077,516 ","  1,690,752 ",27.1%,"  5,160,500 ","  2,353,019 ","  1,918,377 ","  562,821 ","  326,282 ","  1,342,333 ","  740,993 ","  269,693 ","  941,239 ","  746,788 ","  230,350 ","  283,959 ","  221,246 ","  57,616 ","  168,826 ","  110,745 ","  46,711 ",,"  114,672 ","  22,384 ","  28,175 ","  23,573 ","  40,540 ","  9,809 ","  6,262 ","  6,313 ","  7,363 ","  12,228 ","  8,584 ","  6,376 ","  10,011 ","  7,186 ","  14,733 ","  17,459 ","  8,349 ",,"  77,248 ","  19,347 ","  17,419 ","  9,645 ","  30,837 ","  8,079 ","  6,455 ","  4,814 ","  5,956 ","  7,654 ","  3,808 ","  3,711 ","  3,443 ","  2,491 ","  13,047 ","  11,483 ","  6,307 ",,"  61,279 ","  15,421 ","  17,228 ","  8,105 ","  20,524 ","  5,222 ","  3,395 ","  6,804 ","  8,928 ","  5,114 ","  3,186 ","  3,183 ","  2,849 ","  2,073 ","  5,954 ","  6,210 ","  8,360 ",,"  47,409 ",  - ,"  47,409 ","  21,058 ","  11,545 ","  3,289 ","  11,518 ","  6,095 ","  6,792 ","  8,171 ","  4,973 ","  4,324 ","  2,247 ","  1,432 ",  936 ,  921 ,"  7,331 ","  2,308 ","  1,879 ",,,,,#REF!
Subtotal,Non-Vaccine,,Subtotal - Non-Vaccine,298,6.5%,"  7,141,338 ","  2,358,711 ","  1,668,634 ","  1,790,156 ","  1,323,837 ","  649,893 ","  900,468 ","  808,350 ","  577,038 ","  645,799 ","  445,797 ","  430,512 ","  689,991 ","  669,653 ","  450,273 ","  510,688 ","  362,876 ",12.4%,"  9,824,331 ","  2,103,027 ","  2,835,981 ","  2,477,531 ","  2,407,792 ","  506,151 ","  770,031 ","  826,845 ","  737,758 ","  816,122 ","  1,282,101 ","  875,343 ","  806,677 ","  795,511 ","  819,916 ","  744,712 ","  843,164 ",17.1%,"  11,405,405 ","  2,620,684 ","  2,669,576 ","  3,145,424 ","  2,969,721 ","  898,106 ","  781,659 ","  940,919 ","  856,702 ","  973,145 ","  839,729 ","  1,043,014 ","  1,163,351 ","  939,059 ","  1,106,233 ","  865,218 ","  998,270 ",24.3%,"  16,169,094 ","  2,980,289 ","  13,188,805 ","  2,980,289 ","  3,425,469 ","  5,456,765 ","  4,306,571 ","  928,126 ","  977,696 ","  1,074,467 ","  807,605 ","  1,026,286 ","  1,591,578 ","  1,879,360 ","  1,825,845 ","  1,751,560 ","  1,682,394 ","  1,419,241 ","  1,204,935 ",36.0%,"  6,852,518 ","  2,408,713 ","  1,930,706 ","  1,513,693 ","  999,405 ","  935,884 ","  667,338 ","  805,491 ","  652,145 ","  593,012 ","  685,550 ","  541,794 ","  516,466 ","  455,433 ","  372,264 ","  359,585 ","  267,555 ",,"  7,935 ","  2,621 ","  1,854 ","  1,989 ","  1,471 ",  722 ,"  1,001 ",  898 ,  641 ,  718 ,  495 ,  478 ,  767 ,  744 ,  500 ,  567 ,  403 ,,"  10,916 ","  2,337 ","  3,151 ","  2,753 ","  2,675 ",  562 ,  856 ,  919 ,  820 ,  907 ,"  1,425 ",  973 ,  896 ,  884 ,  911 ,  827 ,  937 ,,"  12,673 ","  2,912 ","  2,966 ","  3,495 ","  3,300 ",  998 ,  869 ,"  1,045 ",  952 ,"  1,081 ",  933 ,"  1,159 ","  1,293 ","  1,043 ","  1,229 ",  961 ,"  1,109 ",,"  17,966 ",  - ,"  17,966 ","  3,311 ","  3,806 ","  6,063 ","  4,785 ","  1,031 ","  1,086 ","  1,194 ",  897 ,"  1,140 ","  1,768 ","  2,088 ","  2,029 ","  1,946 ","  1,869 ","  1,577 ","  1,339 ",,,,,#REF!
,,,,,,,,,,,,,,,,,,,,,,,,,,,,,,,,,,,,,,,,,,,,,,,,,,,,,,,,,,,,,,,,,,,,,,,,,,,,,,,,,,,,,,,,,,,,,,,,,,,,,,,,,,,,,,,,,,,,,,,,,,,,,,,,,,,,,,,,,,,,,,,,,,,,,,,,,,,,,,,,,,,,,,,,,,,,,,,#REF!
,,,Total - Backlog,825,100.0%,"  110,346,580 ","  22,504,181 ","  27,026,160 ","  23,006,065 ","  37,810,174 ","  9,477,973 ","  6,536,554 ","  6,489,654 ","  7,203,376 ","  11,651,187 ","  8,171,597 ","  6,169,053 ","  9,700,311 ","  7,136,701 ","  13,709,784 ","  16,223,786 ","  7,876,604 ",100.0%,"  79,347,852 ","  19,515,773 ","  18,512,840 ","  11,158,132 ","  30,161,107 ","  7,777,086 ","  6,579,301 ","  5,159,386 ","  6,098,489 ","  7,704,847 ","  4,709,504 ","  4,214,815 ","  3,905,710 ","  3,037,607 ","  12,562,194 ","  11,079,118 ","  6,519,795 ",100.0%,"  66,556,480 ","  16,500,024 ","  18,174,700 ","  10,440,353 ","  21,441,403 ","  5,598,295 ","  3,836,893 ","  7,064,836 ","  8,892,134 ","  5,575,482 ","  3,707,084 ","  3,907,900 ","  3,727,674 ","  2,804,779 ","  6,464,821 ","  6,454,273 ","  8,522,309 ",88.5%,"  58,837,315 ","  21,932,289 ","  36,905,026 ","  21,932,289 ","  13,815,835 ","  8,416,743 ","  14,672,448 ","  6,413,522 ","  7,090,431 ","  8,428,336 ","  5,283,632 ","  4,918,149 ","  3,614,054 ","  3,168,264 ","  2,668,049 ","  2,580,431 ","  8,280,002 ","  3,496,758 ","  2,895,688 ",63.0%,"  12,013,018 ","  4,761,733 ","  3,849,084 ","  2,076,514 ","  1,325,687 ","  2,278,218 ","  1,408,330 ","  1,075,185 ","  1,593,384 ","  1,339,800 ","  915,899 ","  825,753 ","  737,712 ","  513,050 ","  541,090 ","  470,330 ","  314,267 ",,"  122,607 ","  25,005 ","  30,029 ","  25,562 ","  42,011 ","  10,531 ","  7,263 ","  7,211 ","  8,004 ","  12,946 ","  9,080 ","  6,855 ","  10,778 ","  7,930 ","  15,233 ","  18,026 ","  8,752 ",,"  88,164 ","  21,684 ","  20,570 ","  12,398 ","  33,512 ","  8,641 ","  7,310 ","  5,733 ","  6,776 ","  8,561 ","  5,233 ","  4,683 ","  4,340 ","  3,375 ","  13,958 ","  12,310 ","  7,244 ",,"  73,952 ","  18,333 ","  20,194 ","  11,600 ","  23,824 ","  6,220 ","  4,263 ","  7,850 ","  9,880 ","  6,195 ","  4,119 ","  4,342 ","  4,142 ","  3,116 ","  7,183 ","  7,171 ","  9,469 ",,"  65,375 ",  - ,"  65,375 ","  24,369 ","  15,351 ","  9,352 ","  16,303 ","  7,126 ","  7,878 ","  9,365 ","  5,871 ","  5,465 ","  4,016 ","  3,520 ","  2,964 ","  2,867 ","  9,200 ","  3,885 ","  3,217 ",,,,,#REF!
,,,,,,,,,,,,,,,,,,,,,,,,,,,,,,,,,,,,,,,,,,,,,,,,,,,,,,,,,,,,,,,,,,,,,,,,,,,,,,,,,,,,,,,,,,,,,,,,,,,,,,,,,,,,,,,,,,,,,,,,,,,,,,,,,,,,,,,,,,,,,,,,,,,,,,,,,,,,,,,,,,,,,,,,,,,,,,,#REF!
,,,Total - Vaccine,"1,028",93.5%,"  103,205,242 ","  20,145,470 ","  25,357,526 ","  21,215,909 ","  36,486,337 ","  8,828,080 ","  5,636,086 ","  5,681,304 ","  6,626,338 ","  11,005,388 ","  7,725,800 ","  5,738,541 ","  9,010,320 ","  6,467,048 ","  13,259,511 ","  15,713,098 ","  7,513,728 ",87.6%,"  69,523,521 ","  17,412,746 ","  15,676,859 ","  8,680,601 ","  27,753,315 ","  7,270,935 ","  5,809,270 ","  4,332,541 ","  5,360,731 ","  6,888,725 ","  3,427,403 ","  3,339,472 ","  3,099,033 ","  2,242,096 ","  11,742,278 ","  10,334,406 ","  5,676,631 ",82.9%,"  55,151,075 ","  13,879,340 ","  15,505,124 ","  7,294,929 ","  18,471,682 ","  4,700,189 ","  3,055,234 ","  6,123,917 ","  8,035,432 ","  4,602,337 ","  2,867,355 ","  2,864,886 ","  2,564,323 ","  1,865,720 ","  5,358,588 ","  5,589,055 ","  7,524,039 ",69.3%,"  46,046,289 ","  18,952,000 ","  27,094,289 ","  18,952,000 ","  10,579,290 ","  3,455,659 ","  13,059,339 ","  5,485,396 ","  6,112,735 ","  7,353,869 ","  4,476,028 ","  3,969,622 ","  2,133,640 ","  1,403,815 ","  957,116 ","  1,094,728 ","  7,806,756 ","  2,999,905 ","  2,252,678 ",36.5%,"  6,956,472 ","  3,232,434 ","  2,641,290 ","  690,182 ","  392,567 ","  1,662,702 ","  1,029,300 ","  540,432 ","  1,241,749 ","  996,732 ","  402,809 ","  329,888 ","  258,957 ","  101,336 ","  208,067 ","  128,453 ","  56,047 ",,"  114,672 ","  22,384 ","  28,175 ","  23,573 ","  40,540 ","  9,809 ","  6,262 ","  6,313 ","  7,363 ","  12,228 ","  8,584 ","  6,376 ","  10,011 ","  7,186 ","  14,733 ","  17,459 ","  8,349 ",,"  77,248 ","  19,347 ","  17,419 ","  9,645 ","  30,837 ","  8,079 ","  6,455 ","  4,814 ","  5,956 ","  7,654 ","  3,808 ","  3,711 ","  3,443 ","  2,491 ","  13,047 ","  11,483 ","  6,307 ",,"  61,279 ","  15,421 ","  17,228 ","  8,105 ","  20,524 ","  5,222 ","  3,395 ","  6,804 ","  8,928 ","  5,114 ","  3,186 ","  3,183 ","  2,849 ","  2,073 ","  5,954 ","  6,210 ","  8,360 ",,"  51,163 ",  - ,"  51,163 ","  21,058 ","  11,755 ","  3,840 ","  14,510 ","  6,095 ","  6,792 ","  8,171 ","  4,973 ","  4,411 ","  2,371 ","  1,560 ","  1,063 ","  1,216 ","  8,674 ","  3,333 ","  2,503 ",,,,,#REF!
,,,Total - Non-Vaccine,"1,137",6.5%,"  7,141,338 ","  2,358,711 ","  1,668,634 ","  1,790,156 ","  1,323,837 ","  649,893 ","  900,468 ","  808,350 ","  577,038 ","  645,799 ","  445,797 ","  430,512 ","  689,991 ","  669,653 ","  450,273 ","  510,688 ","  362,876 ",12.4%,"  9,824,331 ","  2,103,027 ","  2,835,981 ","  2,477,531 ","  2,407,792 ","  506,151 ","  770,031 ","  826,845 ","  737,758 ","  816,122 ","  1,282,101 ","  875,343 ","  806,677 ","  795,511 ","  819,916 ","  744,712 ","  843,164 ",17.1%,"  11,405,405 ","  2,620,684 ","  2,669,576 ","  3,145,424 ","  2,969,721 ","  898,106 ","  781,659 ","  940,919 ","  856,702 ","  973,145 ","  839,729 ","  1,043,014 ","  1,163,351 ","  939,059 ","  1,106,233 ","  865,218 ","  998,270 ",30.7%,"  20,425,208 ","  2,980,289 ","  17,444,919 ","  2,980,289 ","  3,682,403 ","  7,080,108 ","  6,682,408 ","  928,126 ","  977,696 ","  1,074,467 ","  807,971 ","  1,110,601 ","  1,763,830 ","  2,140,590 ","  2,446,249 ","  2,493,269 ","  2,529,636 ","  2,180,408 ","  1,972,365 ",63.5%,"  12,100,196 ","  4,265,379 ","  3,240,170 ","  2,681,341 ","  1,913,305 ","  1,672,148 ","  1,250,714 ","  1,342,517 ","  1,111,645 ","  1,039,903 ","  1,088,622 ","  950,972 ","  908,010 ","  822,360 ","  744,136 ","  619,774 ","  549,395 ",,"  7,935 ","  2,621 ","  1,854 ","  1,989 ","  1,471 ",  722 ,"  1,001 ",  898 ,  641 ,  718 ,  495 ,  478 ,  767 ,  744 ,  500 ,  567 ,  403 ,,"  10,916 ","  2,337 ","  3,151 ","  2,753 ","  2,675 ",  562 ,  856 ,  919 ,  820 ,  907 ,"  1,425 ",  973 ,  896 ,  884 ,  911 ,  827 ,  937 ,,"  12,673 ","  2,912 ","  2,966 ","  3,495 ","  3,300 ",  998 ,  869 ,"  1,045 ",  952 ,"  1,081 ",  933 ,"  1,159 ","  1,293 ","  1,043 ","  1,229 ",  961 ,"  1,109 ",,"  22,695 ",  - ,"  22,695 ","  3,311 ","  4,092 ","  7,867 ","  7,425 ","  1,031 ","  1,086 ","  1,194 ",  898 ,"  1,234 ","  1,960 ","  2,378 ","  2,718 ","  2,770 ","  2,811 ","  2,423 ","  2,192 ",,,,,#REF!
,,,,,,,,,,,,,,,,,,,,,,,,,,,,,,,,,,,,,,,,,,,,,,,,,,,,,,,,,,,,,,,,,,,,,,,,,,,,,,,,,,,,,,,,,,,,,,,,,,,,,,,,,,,,,,,,,,,,,,,,,,,,,,,,,,,,,,,,,,,,,,,,,,,,,,,,,,,,,,,,,,,,,,,,,,,,,,,#REF!
,,,Grand Total,"2,165",100.0%,"  110,346,580 ","  22,504,181 ","  27,026,160 ","  23,006,065 ","  37,810,174 ","  9,477,973 ","  6,536,554 ","  6,489,654 ","  7,203,376 ","  11,651,187 ","  8,171,597 ","  6,169,053 ","  9,700,311 ","  7,136,701 ","  13,709,784 ","  16,223,786 ","  7,876,604 ",100.0%,"  79,347,852 ","  19,515,773 ","  18,512,840 ","  11,158,132 ","  30,161,107 ","  7,777,086 ","  6,579,301 ","  5,159,386 ","  6,098,489 ","  7,704,847 ","  4,709,504 ","  4,214,815 ","  3,905,710 ","  3,037,607 ","  12,562,194 ","  11,079,118 ","  6,519,795 ",100.0%,"  66,556,480 ","  16,500,024 ","  18,174,700 ","  10,440,353 ","  21,441,403 ","  5,598,295 ","  3,836,893 ","  7,064,836 ","  8,892,134 ","  5,575,482 ","  3,707,084 ","  3,907,900 ","  3,727,674 ","  2,804,779 ","  6,464,821 ","  6,454,273 ","  8,522,309 ",100.0%,"  66,471,497 ","  21,932,289 ","  44,539,208 ","  21,932,289 ","  14,261,693 ","  10,535,767 ","  19,741,748 ","  6,413,522 ","  7,090,431 ","  8,428,336 ","  5,283,999 ","  5,080,224 ","  3,897,471 ","  3,544,405 ","  3,403,365 ","  3,587,996 ","  10,336,392 ","  5,180,313 ","  4,225,042 ",100.0%,"  19,056,668 ","  7,497,813 ","  5,881,460 ","  3,371,523 ","  2,305,871 ","  3,334,850 ","  2,280,014 ","  1,882,949 ","  2,353,394 ","  2,036,635 ","  1,491,431 ","  1,280,860 ","  1,166,968 ","  923,696 ","  952,203 ","  748,227 ","  605,441 ",,"  122,607 ","  25,005 ","  30,029 ","  25,562 ","  42,011 ","  10,531 ","  7,263 ","  7,211 ","  8,004 ","  12,946 ","  9,080 ","  6,855 ","  10,778 ","  7,930 ","  15,233 ","  18,026 ","  8,752 ",,"  88,164 ","  21,684 ","  20,570 ","  12,398 ","  33,512 ","  8,641 ","  7,310 ","  5,733 ","  6,776 ","  8,561 ","  5,233 ","  4,683 ","  4,340 ","  3,375 ","  13,958 ","  12,310 ","  7,244 ",,"  73,952 ","  18,333 ","  20,194 ","  11,600 ","  23,824 ","  6,220 ","  4,263 ","  7,850 ","  9,880 ","  6,195 ","  4,119 ","  4,342 ","  4,142 ","  3,116 ","  7,183 ","  7,171 ","  9,469 ",,"  73,857 ",  - ,"  73,857 ","  24,369 ","  15,846 ","  11,706 ","  21,935 ","  7,126 ","  7,878 ","  9,365 ","  5,871 ","  5,645 ","  4,331 ","  3,938 ","  3,782 ","  3,987 ","  11,485 ","  5,756 ","  4,694 ",,,,,#REF!
,,,,,,,,,,,,,,,,,,,,,,,,,,,,,,,,,,,,,,,,,,,,,,,,,,,,,,,,,,,,,,,,,,,,,,,,,,,,,,,,,,,,,,,,,,,,,,,,,,,,,,,,,,,,,,,,,,,,,,,,,,,,,,,,,,,,,,,,,,,,,,,,,,,,,,,,,,,,,,,,,,,,,,,,,,,,,,,#REF!
,,,Total Loaded,14%,,"  110,346,580 ","  22,504,181 ","  27,026,160 ","  23,006,065 ","  37,810,174 ","  9,477,973 ","  6,536,554 ","  6,489,654 ","  7,203,376 ","  11,651,187 ","  8,171,597 ","  6,169,053 ","  9,700,311 ","  7,136,701 ","  13,709,784 ","  16,223,786 ","  7,876,604 ",,"  79,347,852 ","  19,515,773 ","  18,512,840 ","  11,158,132 ","  30,161,107 ","  7,777,086 ","  6,579,301 ","  5,159,386 ","  6,098,489 ","  7,704,847 ","  4,709,504 ","  4,214,815 ","  3,905,710 ","  3,037,607 ","  12,562,194 ","  11,079,118 ","  6,519,795 ",,"  66,556,480 ","  16,500,024 ","  18,174,700 ","  10,440,353 ","  21,441,403 ","  5,598,295 ","  3,836,893 ","  7,064,836 ","  8,892,134 ","  5,575,482 ","  3,707,084 ","  3,907,900 ","  3,727,674 ","  2,804,779 ","  6,464,821 ","  6,454,273 ","  8,522,309 ",,"  72,706,986 ","  21,932,289 ","  50,774,697 ","  21,932,289 ","  16,258,330 ","  12,010,774 ","  22,505,592 ","  6,413,522 ","  7,090,431 ","  8,428,336 ","  6,023,758 ","  5,791,455 ","  4,443,117 ","  4,040,622 ","  3,879,837 ","  4,090,316 ","  11,783,487 ","  5,905,557 ","  4,816,548 ",,"  21,724,601 ","  8,547,507 ","  6,704,865 ","  3,843,536 ","  2,628,693 ","  3,801,729 ","  2,599,216 ","  2,146,562 ","  2,682,869 ","  2,321,764 ","  1,700,231 ","  1,460,180 ","  1,330,343 ","  1,053,013 ","  1,085,512 ","  852,978 ","  690,203 ",,"  122,607 ","  25,005 ","  30,029 ","  25,562 ","  42,011 ","  10,531 ","  7,263 ","  7,211 ","  8,004 ","  12,946 ","  9,080 ","  6,855 ","  10,778 ","  7,930 ","  15,233 ","  18,026 ","  8,752 ",,"  88,164 ","  21,684 ","  20,570 ","  12,398 ","  33,512 ","  8,641 ","  7,310 ","  5,733 ","  6,776 ","  8,561 ","  5,233 ","  4,683 ","  4,340 ","  3,375 ","  13,958 ","  12,310 ","  7,244 ",,"  73,952 ","  18,333 ","  20,194 ","  11,600 ","  23,824 ","  6,220 ","  4,263 ","  7,850 ","  9,880 ","  6,195 ","  4,119 ","  4,342 ","  4,142 ","  3,116 ","  7,183 ","  7,171 ","  9,469 ",,"  80,786 ",  - ,"  80,786 ","  24,369 ","  18,065 ","  13,345 ","  25,006 ","  7,126 ","  7,878 ","  9,365 ","  6,693 ","  6,435 ","  4,937 ","  4,490 ","  4,311 ","  4,545 ","  13,093 ","  6,562 ","  5,352 ",,,,,#REF!
,,,,,,,,,,,"  9,567,827 ",,,,,,,,,,,,,,,,,,,,,,,,,,,,,,,,,,,,,,,,,,,,,,,,,,,,,,,,,,,,,,,,,,,,,,,,,,,,,,,,,,,,,,,,,,,,,,,,,,,,,,,,,,,,,,,,,,,,,,,,,,,,,,,,,,,,,,,,,,,,,,,,,,,,,,,,,,,,,,,,,,,,
,,,% Composition,,,,,,,,"  89,854 ",,,,,,,,,,,,,,,,,,,,,,,,,,,,,,,,,,,,,,,,,,,,,,,,,,,,,,,,,,,,,,,,,,,,,,,,,,,,,,,,,,,,,,,,,,,,,,,,,,,,,,,,,,,,,,,,,,,,,,,,,,,,,,,,,,,,,,,,,,,,,,,,,,,,,,,,,,,,,,,,,,,Revenue Concentration Check,#REF!
,,,Total - Vaccine,47.5%,,93.5%,89.5%,93.8%,92.2%,96.5%,93.1%,86.2%,87.5%,92.0%,94.5%,94.5%,93.0%,92.9%,90.6%,96.7%,96.9%,95.4%,,87.6%,89.2%,84.7%,77.8%,92.0%,93.5%,88.3%,84.0%,87.9%,89.4%,72.8%,79.2%,79.3%,73.8%,93.5%,93.3%,87.1%,,82.9%,84.1%,85.3%,69.9%,86.1%,84.0%,79.6%,86.7%,90.4%,82.5%,77.3%,73.3%,68.8%,66.5%,82.9%,86.6%,88.3%,,69.3%,86.4%,60.8%,86.4%,74.2%,32.8%,66.2%,85.5%,86.2%,87.3%,84.7%,78.1%,54.7%,39.6%,28.1%,30.5%,75.5%,57.9%,53.3%,,36.5%,43.1%,44.9%,20.5%,17.0%,49.9%,45.1%,28.7%,52.8%,48.9%,27.0%,25.8%,22.2%,11.0%,21.9%,17.2%,9.3%,,93.5%,89.5%,93.8%,92.2%,96.5%,93.1%,86.2%,87.5%,92.0%,94.5%,94.5%,93.0%,92.9%,90.6%,96.7%,96.9%,95.4%,,87.6%,89.2%,84.7%,77.8%,92.0%,93.5%,88.3%,84.0%,87.9%,89.4%,72.78%,79.23%,79.35%,73.81%,93.47%,93.28%,87.07%,,82.86%,84.12%,85.31%,69.87%,86.15%,83.96%,79.63%,86.68%,90.37%,82.55%,77.35%,73.31%,68.79%,66.52%,82.89%,86.59%,88.29%,,69.3%,0.0%,69.3%,86.4%,74.18%,32.80%,66.15%,85.5%,86.2%,87.3%,84.71%,78.14%,54.74%,39.61%,28.12%,30.51%,75.53%,57.91%,53.32%,,,,Revenue Concentration Check,#REF!
,,,Total - Non-Vaccine,52.5%,,6.5%,10.5%,6.2%,7.8%,3.5%,6.9%,13.8%,12.5%,8.0%,5.5%,5.5%,7.0%,7.1%,9.4%,3.3%,3.1%,4.6%,,12.4%,10.8%,15.3%,22.2%,8.0%,6.5%,11.7%,16.0%,12.1%,10.6%,27.2%,20.8%,20.7%,26.2%,6.5%,6.7%,12.9%,,17.1%,15.9%,14.7%,30.1%,13.9%,16.0%,20.4%,13.3%,9.6%,17.5%,22.7%,26.7%,31.2%,33.5%,17.1%,13.4%,11.7%,,30.7%,13.6%,39.2%,13.6%,25.8%,67.2%,33.8%,14.5%,13.8%,12.7%,15.3%,21.9%,45.3%,60.4%,71.9%,69.5%,24.5%,42.1%,46.7%,,63.5%,56.9%,55.1%,79.5%,83.0%,50.1%,54.9%,71.3%,47.2%,51.1%,73.0%,74.2%,77.8%,89.0%,78.1%,82.8%,90.7%,,6.5%,10.5%,6.2%,7.8%,3.5%,6.9%,13.8%,12.5%,8.0%,5.5%,5.5%,7.0%,7.1%,9.4%,3.3%,3.1%,4.6%,,12.4%,10.8%,15.3%,22.2%,8.0%,6.5%,11.7%,16.0%,12.1%,10.6%,27.22%,20.77%,20.65%,26.19%,6.53%,6.72%,12.93%,,17.14%,15.88%,14.69%,30.13%,13.85%,16.04%,20.37%,13.32%,9.63%,17.45%,22.65%,26.69%,31.21%,33.48%,17.11%,13.41%,11.71%,,30.7%,0.0%,30.7%,13.6%,25.82%,67.20%,33.85%,14.5%,13.8%,12.7%,15.29%,21.86%,45.26%,60.39%,71.88%,69.49%,24.47%,42.09%,46.68%,,,,,
,,,,,,,,,,,"44,927.00",,,,,,,,,,,,,,,,,,,,,,,,,,,,,,,,,,,,,,,,,,,,,,,,,,,,,,,,,,,,,,,,,,,,,,,,,,,,,,,,,,,,,,,,,,,,,,,,,,,,,,,,,,,,,,,,,,,,,,,,,,,,,,,,,,,,,,,,,,,,,,,,,,,,,,,,,,,,,,,,,,,Lead Wise Summary,#REF!
,,,,,,,,,,,,,,,,,,,,,,,,,,,,,,,,,,,,,  - ,,,,,,,,,,,,,,,,,,,,,,,,,,,,,,,,,,,,,,,,,,,,,,,,,,,,,,,,,,,,,,,,,,,,,,,,,,,,,,,,,,,,,,,,,,,,,,,,,,,,,,,,,,,,,,,,,,,,,,,,,,,,,,,,,,,,,,,,,,
,,,,,,,,,,,,,,,,,,,,,,,,OK,,,,,OK,OK,OK,OK,OK,OK,OK,OK,OK,OK,OK,OK,,,,,,,OK,OK,OK,OK,OK,ok,OK,OK,OK,OK,OK,OK,,,,,,,,,OK,OK,OK,OK,OK,OK,OK,OK,OK,OK,OK,OK,,,,,,,OK,OK,OK,OK,OK,OK,OK,OK,OK,OK,OK,OK,,,,,,,,,,,,,,,,,,,,,,,,,,,,,,,,,,,,,,,,,,,,,,,,,,,,,,,,,,,,,,,,,,,,,,,,,,,,,,,
,,,,,,,,,,,,,,,,,,,,,,,,"  79,347,852 ",,,,,"  7,777,086 ","  6,579,301 ","  5,159,386 ","  6,098,489 ","  7,704,847 ","  4,709,504 ","  4,214,815 ","  3,905,710 ","  3,037,607 ","  12,562,194 ","  11,079,118 ","  6,519,795 ",,,,,,,"  5,598,295 ","  3,836,893 ","  7,064,836 ","  8,892,134 ","  5,575,482 ","  3,707,084 ","  3,907,900 ","  3,727,674 ","  2,804,779 ","  6,464,821 ","  6,454,273 ","  8,522,309 ",,,,,,,,,"  6,413,522 ","  7,090,431 ","  8,428,336 ","  5,283,999 ","  5,080,224 ","  3,897,471 ","  3,544,405 ","  3,403,365 ","  3,587,996 ","  10,336,392 ","  5,180,313 ","  4,225,042 ",,,,,,,"3,334,850","2,280,014","1,882,949","2,353,394","2,036,635","1,491,431","1,280,860","1,166,968","923,696","952,203","748,227","605,441",,,,,,,,,,,,,,,,,,,,,,,,,,,,,,,,,,,,,,,,,,,,,,,,,,,,,,,,,,,,,,,,,,,,,,,,,,,,,,,
,,,,,,,,,,,,,,,,,,,,,,,,$0,,,,,$0,$0,$0,$0,$0,$0,$0,$0,$0,$0,$0,$0,,,"$16,500,024","$18,174,700","$10,440,353","$21,441,403",$0,$0,$0,$0,$0,$0,$0,$0,$0,$0,$0,$0,,,,,"$21,932,289","$14,261,693","$10,535,767","$19,741,748",$0,$0,$0,$0,$0,$0,$0,$0,$0,$0,$0,$0,,,"$7,497,813","$5,881,460","$3,371,523","$2,305,871",$0,$0,$0,$0,$0,$0,$0,$0,$0,$0,$0,$0,,,,,,,,,,,,,,,,,,,,,,,,,,,,,,,,,,,,,,,,,,,,,,,,,,,,,,,,,,,,,,,,,,,,,,,,,,,,,,,
,,,,,,,,,,,,,,,,,,,,,,,,,,,,,,,,,,,,,"  2,242,096 ","  11,742,278 ","  10,334,406 ","  5,676,631 ",,,,,,,,,,,,,,,,,,,,,,,,,,,,,,,,,,,,,,,,,,,,,,,,,,,,,,,,,,,,,,,,,,,,,,,,,,,,,,,,,,,,,,,,,,,,,,,,,,,,,,,,,,,,,,,,,,,,,,,,,,,,,,,,,,,,,,,
,,,,,,,,,,,,,,,,,,,,,,,,,,,,,,,,,,,,,"  795,511 ","  819,916 ","  744,712 ","  843,164 ",,,,,,,,,,,,,,,,,,,,,,,,,,,,,,,,,,,,,,,,,,,,,,,,,,,,,,,,,,,,,,,,,,,,,,,,,,,,,,,,,,,,,,,,,,,,,,,,,,,,,,,,,,,,,,,,,,,,,,,,,,,,,,,,,,,,,,,
,,,,,,,,,,,,,,,,,,,,,,,,,,,,,,,,,,,,,,,,,,,,,,,,,,,,,,,,,,"  8,659,993 ",,,,,,,,,,,,,,,,,,,,,,,,,,,,,,,,,,,,,,,,,,,,,,,,,,,,,,,,,,,,,,,,,,,,,,,,,,,,,,,,,,,,,,,,,,,,,,,,,,,,,,,,,,,,,,,,,,,,,
,,,,,,,,,,,,,,,,,,,,,,,,,,,,,,,,,,,,,,,,,,,,,,,,,,,,,,,,,,,,,,,,,,,,,,,,,,,,,,,,,,,,,,,,,,,,,,,,,,,,,,,,,,,,,,,,,,,,,,,,,,,,,,,,,,,,,,,,,,,,,,,,,,,,,,,,,,,,,,,,,,,,,,,,,,,,,,,
,,,,,,,,,,,,,,,,,,,,,,,,,,,,,,,,,,,,,,,,,,,,,,,,,,,,,,,,,,,,,,,,,,,,,,,,,,,,,,,,,,,,,,,,,,,,,,,,,,,,,,,,,,,,,,,,,,,,,,,,,,,,,,,,,,,,,,,,,,,,,,,,,,,,,,,,,,,,,,,,,,,,,,,,,,,,,,,
,,,,,,,,,,,,,,,,,,,,,,,,,,,,,,,,,,,,,,,,,,,,,,,,,,,,,,,,,,,,,,,,,,,,,,,,,,,,,,,,,,,,,,,,,,,,,,,,,,,,,,,,,,,,,,,,,,,,,,,,,,,,,,,,,,,,,,,,,,,,,,,,,,,,,,,,,,,,,,,,,,,,,,,,,,,,,,,
,,,,,,,,,,,,,,,,,,,,,,,,,,,,,,,,,,,,,,,,,,,,,,,,,,,,,,,,,,,,,,,,,,,,,,,,,,,,,,,,,,,,,,,,,,,,,,,,,,,,,,,,,,,,,,,,,,,,,,,,,,,,,,,,,,,,,,,,,,,,,,,,,,,,,,,,,,,,,,,,,,,,,,,,,,,,,,,
,,,,,,,,,,,,,,,,,,,,,,,,,,,,,,,,,,,,,,,,,,,,,,,,,,,,,,,,,,,,,,,,,,,,,,,,,,,,,,,,,,,,,,,,,,,,,,,,,,,,,,,,,,,,,,,,,,,,,,,,,,,,,,,,,,,,,,,,,,,,,,,,,,,,,,,,,,,,,,,,,,,,,,,,,,,,,,,
,,,,,,,,,,,,,,,,,,,,,,,,,,,,,,,,,,,,,,,,,,,,,,,,,,,,,,,,,,,,,,,,,,,,,,,,,,,,,,,,,,,,,,,,,,,,,,,,,,,,,,,,,,,,,,,,,,,,,,,,,,,,,,,,,,,,,,,,,,,,,,,,,,,,,,,,,,,,,,,,,,,,,,,,,,,,,,,
,,,,,,,,,,,,,,,,,,,,,,,,,,,,,,,,,,,,,,,,,,,,,,,,,,,,,,,,,,,,,,,,,,,,,,,,,,,,,,,,,,,,,,,,,,,,,,,,,,,,,,,,,,,,,,,,,,,,,,,,,,,,,,,,,,,,,,,,,,,,,,,,,,,,,,,,,,,,,,,,,,,,,,,,,,,,,,,
,,,,,,,,,,,,,,,,,,,,,,,,,,,,,,,,,,,,,,,,,,,,,,,,,,,,,,,,,,,,,,,,,,,,,,,,,,,,,,,,,,,,,,,,,,,,,,,,,,,,,,,,,,,,,,,,,,,,,,,,,,,,,,,,,,,,,,,,,,,,,,,,,,,,,,,,,,,,,,,,,,,,,,,,,,,,,,,
,,,,,,,,,,,,,,,,,,,,,,,,,,,,,,,,,,,,,,,,,,,,,,,,,,,,,,,,,,,,,,,,,,,,,,,,,,,,,,,,,,,,,,,,,,,,,,,,,,,,,,,,,,,,,,,,,,,,,,,,,,,,,,,,,,,,,,,,,,,,,,,,,,,,,,,,,,,,,,,,,,,,,,,,,,,,,,,
,,,,,,,,,,,,,,,,,,,,,,,,,,,,,,,,,,,,,,,,,,,,,,,,,,,,,,,,,,,,,,,,,,,,,,,,,,,,,,,,,,,,,,,,,,,,,,,,,,,,,,,,,,,,,,,,,,,,,,,,,,,,,,,,,,,,,,,,,,,,,,,,,,,,,,,,,,,,,,,,,,,,,,,,,,,,,,,
,,,,,,,,,,,,,,,,,,,,,,,,,,,,,,,,,,,,,,,,,,,,,,,,,,,,,,,,,,,,,,,,,,,,,,,,,,,,,,,,,,,,,,,,,,,,,,,,,,,,,,,,,,,,,,,,,,,,,,,,,,,,,,,,,,,,,,,,,,,,,,,,,,,,,,,,,,,,,,,,,,,,,,,,,,,,,,,
,,,,,,,,,,,,,,,,,,,,,,,,,,,,,,,,,,,,,,,,,,,,,,,,,,,,,,,,,,,,,,,,,,,,,,,,,,,,,,,,,,,,,,,,,,,,,,,,,,,,,,,,,,,,,,,,,,,,,,,,,,,,,,,,,,,,,,,,,,,,,,,,,,,,,,,,,,,,,,,,,,,,,,,,,,,,,,,
,,,,,,,,,,,,,,,,,,,,,,,,,,,,,,,,,,,,,,,,,,,,,,,,,,,,,,,,,,,,,,,,,,,,,,,,,,,,,,,,,,,,,,,,,,,,,,,,,,,,,,,,,,,,,,,,,,,,,,,,,,,,,,,,,,,,,,,,,,,,,,,,,,,,,,,,,,,,,,,,,,,,,,,,,,,,,,,
,,,,,,,,,,,,,,,,,,,,,,,,,,,,,,,,,,,,,,,,,,,,,,,,,,,"77,197","-3,162","61,555","40,832","27,985","27,276","37,895","33,379",,,,,,,,,,,,,,,,,,,,,,,,,,,,,,,,,,,,,,,,,,,,,,,,,,,,,,,,,,,,,,,,,,,,,,,,,,,,,,,,,,,,,,,,,,,,,,,,,,,,,,,,,,,,,,,,,,,,,
,,,,,,,,,,,,,,,,,,,,,,,,,,,,,,,,,,,,,,,,,,,,,,,,,,,1.38%,-0.09%,1.58%,1.10%,1.00%,0.42%,0.59%,0.39%,,,,,,,,,,,,,,,,,,,,,,,,,,,,,,,,,,,,,,,,,,,,,,,,,,,,,,,,,,,,,,,,,,,,,,,,,,,,,,,,,,,,,,,,,,,,,,,,,,,,,,,,,,,,,,,,,,,,,
,,,,,,,,,,,,,,,,,,,,,,,,,,,,,,,,,,,,,,,,,,,,,,,,,,,,,,,,,,,,,,,,,,,,,,,,,,,,,,,,,,,,,,,,,,,,,,,,,,,,,,,,,,,,,,,,,,,,,,,,,,,,,,,,,,,,,,,,,,,,,,,,,,,,,,,,,,,,,,,,,,,,,,,,,,,,,,,
,,,,,,,,,,,,,,,,,,,,,,,,,,,,,,,,,,,,,,,,,,,,,,,,,,,,,,,,,,,,,,,,,,,,,,,,,,,,,,,,,,,,,,,,,,,,,,,,,,,,,,,,,,,,,,,,,,,,,,,,,,,,,,,,,,,,,,,,,,,,,,,,,,,,,,,,,,,,,,,,,,,,,,,,,,,,,,,
,,,,,,,,,,,,,,,,,,,,,,,,,,,,,,,,,,,,,,,,,,,,,,,,,,,,,,,,,,,,,,,,,,,,,,,,,,,,,,,,,,,,,,,,,,,,,,,,,,,,,,,,,,,,,,,,,,,,,,,,,,,,,,,,,,,,,,,,,,,,,,,,,,,,,,,,,,,,,,,,,,,,,,,,,,,,,,,
,,,,,,,,,,,,,,,,,,,,,,,,,,,,,,,,,,,,,,,,,,,,,,,,,,,,,,,,,,,,,,,,,,,,,,,,,,,,,,,,,,,,,,,,,,,,,,,,,,,,,,,,,,,,,,,,,,,,,,,,,,,,,,,,,,,,,,,,,,,,,,,,,,,,,,,,,,,,,,,,,,,,,,,,,,,,,,,
,,,,,,,,,,,,,,,,,,,,,,,,,,,,,,,,,,,,,,,,,,,,,,,,,,,,,,,,,,,,,,,,,,,,,,,,,,,,,,,,,,,,,,,,,,,,,,,,,,,,,,,,,,,,,,,,,,,,,,,,,,,,,,,,,,,,,,,,,,,,,,,,,,,,,,,,,,,,,,,,,,,,,,,,,,,,,,,
,,,,,,,,,,,,,,,,,,,,,,,,,,,,,,,,,,,,,,,,,,,,,,,,,,,,,,,,,,,,,,,,,,,,,,,,,,,,,,,,,,,,,,,,,,,,,,,,,,,,,,,,,,,,,,,,,,,,,,,,,,,,,,,,,,,,,,,,,,,,,,,,,,,,,,,,,,,,,,,,,,,,,,,,,,,,,,,
,,,,,,,,,,,,,,,,,,,,,,,,,,,,,,,,,,,,,,,,,,,,,,,,,,,,,,,,,,,,,,,,,,,,,,,,,,,,,,,,,,,,,,,,,,,,,,,,,,,,,,,,,,,,,,,,,,,,,,,,,,,,,,,,,,,,,,,,,,,,,,,,,,,,,,,,,,,,,,,,,,,,,,,,,,,,,,,
,,,,,,,,,,,,,,,,,,,,,,,,,,,,,,,,,,,,,,,,,,,,,,,,,,,,,,,,,,,,,,,,,,,,,,,,,,,,,,,,,,,,,,,,,,,,,,,,,,,,,,,,,,,,,,,,,,,,,,,,,,,,,,,,,,,,,,,,,,,,,,,,,,,,,,,,,,,,,,,,,,,,,,,,,,,,,,,
,,,,,,,,,,,,,,,,,,,,,,,,,,,,,,,,,,,,,,,,,,,,,,,,,,,,,,,,,,,,,,,,,,,,,,,,,,,,,,,,,,,,,,,,,,,,,,,,,,,,,,,,,,,,,,,,,,,,,,,,,,,,,,,,,,,,,,,,,,,,,,,,,,,,,,,,,,,,,,,,,,,,,,,,,,,,,,,
,,,,,,,,,,,,,,,,,,,,,,,,,,,,,,,,,,,,,,,,,,,,,,,,,,,,,,,,,,,,,,,,,,,,,,,,,,,,,,,,,,,,,,,,,,,,,,,,,,,,,,,,,,,,,,,,,,,,,,,,,,,,,,,,,,,,,,,,,,,,,,,,,,,,,,,,,,,,,,,,,,,,,,,,,,,,,,,
,,,,,,,,,,,,,,,,,,,,,,,,,,,,,,,,,,,,,,,,,,,,,,,,,,,,,,,,,,,,,,,,,,,,,,,,,,,,,,,,,,,,,,,,,,,,,,,,,,,,,,,,,,,,,,,,,,,,,,,,,,,,,,,,,,,,,,,,,,,,,,,,,,,,,,,,,,,,,,,,,,,,,,,,,,,,,,,
,,,,,,,,,,,,,,,,,,,,,,,,,,,,,,,,,,,,,,,,,,,,,,,,,,,,,,,,,,,,,,,,,,,,,,,,,,,,,,,,,,,,,,,,,,,,,,,,,,,,,,,,,,,,,,,,,,,,,,,,,,,,,,,,,,,,,,,,,,,,,,,,,,,,,,,,,,,,,,,,,,,,,,,,,,,,,,,
,,,,,,,,,,,,,,,,,,,,,,,,,,,,,,,,,,,,,,,,,,,,,,,,,,,,,,,,,,,,,,,,,,,,,,,,,,,,,,,,,,,,,,,,,,,,,,,,,,,,,,,,,,,,,,,,,,,,,,,,,,,,,,,,,,,,,,,,,,,,,,,,,,,,,,,,,,,,,,,,,,,,,,,,,,,,,,,
,,,,,,,,,,,,,,,,,,,,,,,,,,,,,,,,,,,,,,,,,,,,,,,,,,,,,,,,,,,,,,,,,,,,,,,,,,,,,,,,,,,,,,,,,,,,,,,,,,,,,,,,,,,,,,,,,,,,,,,,,,,,,,,,,,,,,,,,,,,,,,,,,,,,,,,,,,,,,,,,,,,,,,,,,,,,,,,
,,,,,,,,,,,,,,,,,,,,,,,,,,,,,,,,,,,,,,,,,,,,,,,,,,,,,,,,,,,,,,,,,,,,,,,,,,,,,,,,,,,,,,,,,,,,,,,,,,,,,,,,,,,,,,,,,,,,,,,,,,,,,,,,,,,,,,,,,,,,,,,,,,,,,,,,,,,,,,,,,,,,,,,,,,,,,,,
,,,,,,,,,,,,,,,,,,,,,,,,,,,,,,,,,,,,,,,,,,,,,,,,,,,,,,,,,,,,,,,,,,,,,,,,,,,,,,,,,,,,,,,,,,,,,,,,,,,,,,,,,,,,,,,,,,,,,,,,,,,,,,,,,,,,,,,,,,,,,,,,,,,,,,,,,,,,,,,,,,,,,,,,,,,,,,,
,,,,,,,,,,,,,,,,,,,,,,,,,,,,,,,,,,,,,,,,,,,,,,,,,,,,,,,,,,,,,,,,,,,,,,,,,,,,,,,,,,,,,,,,,,,,,,,,,,,,,,,,,,,,,,,,,,,,,,,,,,,,,,,,,,,,,,,,,,,,,,,,,,,,,,,,,,,,,,,,,,,,,,,,,,,,,,,
,,,,,,,,,,,,,,,,,,,,,,,,,,,,,,,,,,,,,,,,,,,,,,,,,,,,,,,,,,,,,,,,,,,,,,,,,,,,,,,,,,,,,,,,,,,,,,,,,,,,,,,,,,,,,,,,,,,,,,,,,,,,,,,,,,,,,,,,,,,,,,,,,,,,,,,,,,,,,,,,,,,,,,,,,,,,,,,
,,,,,,,,,,,,,,,,,,,,,,,,,,,,,,,,,,,,,,,,,,,,,,,,,,,,,,,,,,,,,,,,,,,,,,,,,,,,,,,,,,,,,,,,,,,,,,,,,,,,,,,,,,,,,,,,,,,,,,,,,,,,,,,,,,,,,,,,,,,,,,,,,,,,,,,,,,,,,,,,,,,,,,,,,,,,,,,
,,,,,,,,,,,,,,,,,,,,,,,,,,,,,,,,,,,,,,,,,,,,,,,,,,,,,,,,,,,,,,,,,,,,,,,,,,,,,,,,,,,,,,,,,,,,,,,,,,,,,,,,,,,,,,,,,,,,,,,,,,,,,,,,,,,,,,,,,,,,,,,,,,,,,,,,,,,,,,,,,,,,,,,,,,,,,,,
,,,,,,,,,,,,,,,,,,,,,,,,,,,,,,,,,,,,,,,,,,,,,,,,,,,,,,,,,,,,,,,,,,,,,,,,,,,,,,,,,,,,,,,,,,,,,,,,,,,,,,,,,,,,,,,,,,,,,,,,,,,,,,,,,,,,,,,,,,,,,,,,,,,,,,,,,,,,,,,,,,,,,,,,,,,,,,,
,,,,,,,,,,,,,,,,,,,,,,,,,,,,,,,,,,,,,,,,,,,,,,,,,,,,,,,,,,,,,,,,,,,,,,,,,,,,,,,,,,,,,,,,,,,,,,,,,,,,,,,,,,,,,,,,,,,,,,,,,,,,,,,,,,,,,,,,,,,,,,,,,,,,,,,,,,,,,,,,,,,,,,,,,,,,,,,
,,,,,,,,,,,,,,,,,,,,,,,,,,,,,,,,,,,,,,,,,,,,,,,,,,,,,,,,,,,,,,,,,,,,,,,,,,,,,,,,,,,,,,,,,,,,,,,,,,,,,,,,,,,,,,,,,,,,,,,,,,,,,,,,,,,,,,,,,,,,,,,,,,,,,,,,,,,,,,,,,,,,,,,,,,,,,,,
,,,,,,,,,,,,,,,,,,,,,,,,,,,,,,,,,,,,,,,,,,,,,,,,,,,,,,,,,,,,,,,,,,,,,,,,,,,,,,,,,,,,,,,,,,,,,,,,,,,,,,,,,,,,,,,,,,,,,,,,,,,,,,,,,,,,,,,,,,,,,,,,,,,,,,,,,,,,,,,,,,,,,,,,,,,,,,,
,,,,,,,,,,,,,,,,,,,,,,,,,,,,,,,,,,,,,,,,,,,,,,,,,,,,,,,,,,,,,,,,,,,,,,,,,,,,,,,,,,,,,,,,,,,,,,,,,,,,,,,,,,,,,,,,,,,,,,,,,,,,,,,,,,,,,,,,,,,,,,,,,,,,,,,,,,,,,,,,,,,,,,,,,,,,,,,
,,,,,,,,,,,,,,,,,,,,,,,,,,,,,,,,,,,,,,,,,,,,,,,,,,,,,,,,,,,,,,,,,,,,,,,,,,,,,,,,,,,,,,,,,,,,,,,,,,,,,,,,,,,,,,,,,,,,,,,,,,,,,,,,,,,,,,,,,,,,,,,,,,,,,,,,,,,,,,,,,,,,,,,,,,,,,,,
,,,,,,,,,,,,,,,,,,,,,,,,,,,,,,,,,,,,,,,,,,,,,,,,,,,,,,,,,,,,,,,,,,,,,,,,,,,,,,,,,,,,,,,,,,,,,,,,,,,,,,,,,,,,,,,,,,,,,,,,,,,,,,,,,,,,,,,,,,,,,,,,,,,,,,,,,,,,,,,,,,,,,,,,,,,,,,,
,,,,,,,,,,,,,,,,,,,,,,,,,,,,,,,,,,,,,,,,,,,,,,,,,,,,,,,,,,,,,,,,,,,,,,,,,,,,,,,,,,,,,,,,,,,,,,,,,,,,,,,,,,,,,,,,,,,,,,,,,,,,,,,,,,,,,,,,,,,,,,,,,,,,,,,,,,,,,,,,,,,,,,,,,,,,,,,
,,,,,,,,,,,,,,,,,,,,,,,,,,,,,,,,,,,,,,,,,,,,,,,,,,,,,,,,,,,,,,,,,,,,,,,,,,,,,,,,,,,,,,,,,,,,,,,,,,,,,,,,,,,,,,,,,,,,,,,,,,,,,,,,,,,,,,,,,,,,,,,,,,,,,,,,,,,,,,,,,,,,,,,,,,,,,,,
,,,,,,,,,,,,,,,,,,,,,,,,,,,,,,,,,,,,,,,,,,,,,,,,,,,,,,,,,,,,,,,,,,,,,,,,,,,,,,,,,,,,,,,,,,,,,,,,,,,,,,,,,,,,,,,,,,,,,,,,,,,,,,,,,,,,,,,,,,,,,,,,,,,,,,,,,,,,,,,,,,,,,,,,,,,,,,,
,,,,,,,,,,,,,,,,,,,,,,,,,,,,,,,,,,,,,,,,,,,,,,,,,,,,,,,,,,,,,,,,,,,,,,,,,,,,,,,,,,,,,,,,,,,,,,,,,,,,,,,,,,,,,,,,,,,,,,,,,,,,,,,,,,,,,,,,,,,,,,,,,,,,,,,,,,,,,,,,,,,,,,,,,,,,,,,
,,,,,,,,,,,,,,,,,,,,,,,,,,,,,,,,,,,,,,,,,,,,,,,,,,,,,,,,,,,,,,,,,,,,,,,,,,,,,,,,,,,,,,,,,,,,,,,,,,,,,,,,,,,,,,,,,,,,,,,,,,,,,,,,,,,,,,,,,,,,,,,,,,,,,,,,,,,,,,,,,,,,,,,,,,,,,,,
,,,,,,,,,,,,,,,,,,,,,,,,,,,,,,,,,,,,,,,,,,,,,,,,,,,,,,,,,,,,,,,,,,,,,,,,,,,,,,,,,,,,,,,,,,,,,,,,,,,,,,,,,,,,,,,,,,,,,,,,,,,,,,,,,,,,,,,,,,,,,,,,,,,,,,,,,,,,,,,,,,,,,,,,,,,,,,,
,,,,,,,,,,,,,,,,,,,,,,,,,,,,,,,,,,,,,,,,,,,,,,,,,,,,,,,,,,,,,,,,,,,,,,,,,,,,,,,,,,,,,,,,,,,,,,,,,,,,,,,,,,,,,,,,,,,,,,,,,,,,,,,,,,,,,,,,,,,,,,,,,,,,,,,,,,,,,,,,,,,,,,,,,,,,,,,
,,,,,,,,,,,,,,,,,,,,,,,,,,,,,,,,,,,,,,,,,,,,,,,,,,,,,,,,,,,,,,,,,,,,,,,,,,,,,,,,,,,,,,,,,,,,,,,,,,,,,,,,,,,,,,,,,,,,,,,,,,,,,,,,,,,,,,,,,,,,,,,,,,,,,,,,,,,,,,,,,,,,,,,,,,,,,,,
,,,,,,,,,,,,,,,,,,,,,,,,,,,,,,,,,,,,,,,,,,,,,,,,,,,,,,,,,,,,,,,,,,,,,,,,,,,,,,,,,,,,,,,,,,,,,,,,,,,,,,,,,,,,,,,,,,,,,,,,,,,,,,,,,,,,,,,,,,,,,,,,,,,,,,,,,,,,,,,,,,,,,,,,,,,,,,,
,,,,,,,,,,,,,,,,,,,,,,,,,,,,,,,,,,,,,,,,,,,,,,,,,,,,,,,,,,,,,,,,,,,,,,,,,,,,,,,,,,,,,,,,,,,,,,,,,,,,,,,,,,,,,,,,,,,,,,,,,,,,,,,,,,,,,,,,,,,,,,,,,,,,,,,,,,,,,,,,,,,,,,,,,,,,,,,
,,,,,,,,,,,,,,,,,,,,,,,,,,,,,,,,,,,,,,,,,,,"  55,886,191 ","  15,157,004 ","  15,271,306 ","  11,513,644 ","  13,944,237 ",,,,,,,,,,,,,,,,,,,,,,,,,,,,,,,,,,,,,,,,,,,,,,,,,,,,,,,,,,,,,,,,,,,,,,,,,,,,,,,,,,,,,,,,,,,,,,,,,,,,,,,,,,,,,,,,,,,,,,,,,,,,,,,,
,,,,,,,,,,,,,,,,,,,,,,,,,,,,,,,,,,,,,,,,,,,"  55,886,191 ","  15,157,004 ","  15,271,306 ","  11,513,644 ","  13,944,237 ",,,,,,,,,,,,,,,,,,,,,,,,,,,,,,,,,,,,,,,,,,,,,,,,,,,,,,,,,,,,,,,,,,,,,,,,,,,,,,,,,,,,,,,,,,,,,,,,,,,,,,,,,,,,,,,,,,,,,,,,,,,,,,,,
,,,,,,,,,,,,,,,,,,,,,,,,,,,,,,,,,,,,,,,,,,,Total New Sites,"  3,069,616 ","  3,394,877 ","  2,562,779 ","  3,583,025 ",,,,,,,,,,,,,,,,,,,,,,,,,,,,,,,,,,,,,,,,,,,,,,,,,,,,,,,,,,,,,,,,,,,,,,,,,,,,,,,,,,,,,,,,,,,,,,,,,,,,,,,,,,,,,,,,,,,,,,,,,,,,,,,,
,,,,,,,,,,,,,,,,,,,,,,,,,,,,,,,,,,,,,,,,,,,,,,,,,,,,,,,,,,,,,,,,,,,,,,,,,,,,,,,,,,,,,,,,,,,,,,,,,,,,,,,,,,,,,,,,,,,,,,,,,,,,,,,,,,,,,,,,,,,,,,,,,,,,,,,,,,,,,,,,,,,,,,,,,,,,,,,
,,,,,,,,,,,,,,,,,,,,,,,,,,,,,,,,,,,,,,,,,,,Houston,"  2,555,984 ","  2,987,998 ","  3,240,996 ","  3,635,671 ",,,,,,,,,,,,,,,,,,,,,,,,,,,,,,,,,,,,,,,,,,,,,,,,,,,,,,,,,,,,,,,,,,,,,,,,,,,,,,,,,,,,,,,,,,,,,,,,,,,,,,,,,,,,,,,,,,,,,,,,,,,,,,,,
,,,,,,,,,,,,,,,,,,,,,,,,,,,,,,,,,,,,,,,,,,,Non - Houston,"  1,605,368 ","  1,886,599 ","  2,088,063 ","  2,381,208 ",,,,,,,,,,,,,,,,,,,,,,,,,,,,,,,,,,,,,,,,,,,,,,,,,,,,,,,,,,,,,,,,,,,,,,,,,,,,,,,,,,,,,,,,,,,,,,,,,,,,,,,,,,,,,,,,,,,,,,,,,,,,,,,,
,,,,,,,,,,,,,,,,,,,,,,,,,,,,,,,,,,,,,,,,,,,Total Pipeline,"  4,577,487 ","  5,362,057 ","  5,861,965 ","  6,618,567 ",,,,,,,,,,,,,,,,,,,,,,,,,,,,,,,,,,,,,,,,,,,,,,,,,,,,,,,,,,,,,,,,,,,,,,,,,,,,,,,,,,,,,,,,,,,,,,,,,,,,,,,,,,,,,,,,,,,,,,,,,,,,,,,,
,,,,,,,,,,,,,,,,,,,,,,,,,,,,,,,,,,,,,,,,,,,,,,,,,,,,,,,,,,,,,,,,,,,,,,,,,,,,,,,,,,,,,,,,,,,,,,,,,,,,,,,,,,,,,,,,,,,,,,,,,,,,,,,,,,,,,,,,,,,,,,,,,,,,,,,,,,,,,,,,,,,,,,,,,,,,,,,
,,,,,,,,,,,,,,,,,,,,,,,,,,,,,,,,,,,,,,,,,,,Houston,"  4,538,309 ","  3,978,055 ","  2,037,246 ","  2,393,485 ",,,,,,,,,,,,,,,,,,,,,,,,,,,,,,,,,,,,,,,,,,,,,,,,,,,,,,,,,,,,,,,,,,,,,,,,,,,,,,,,,,,,,,,,,,,,,,,,,,,,,,,,,,,,,,,,,,,,,,,,,,,,,,,,
,,,,,,,,,,,,,,,,,,,,,,,,,,,,,,,,,,,,,,,,,,,Non - Houston,"  2,288,874 ","  1,944,101 ","  770,846 ","  1,008,921 ",,,,,,,,,,,,,,,,,,,,,,,,,,,,,,,,,,,,,,,,,,,,,,,,,,,,,,,,,,,,,,,,,,,,,,,,,,,,,,,,,,,,,,,,,,,,,,,,,,,,,,,,,,,,,,,,,,,,,,,,,,,,,,,,
,,,,,,,,,,,,,,,,,,,,,,,,,,,,,,,,,,,,,,,,,,,Total Back Log,"  7,509,901 ","  6,514,372 ","  3,088,900 ","  3,742,646 ",,,,,,,,,,,,,,,,,,,,,,,,,,,,,,,,,,,,,,,,,,,,,,,,,,,,,,,,,,,,,,,,,,,,,,,,,,,,,,,,,,,,,,,,,,,,,,,,,,,,,,,,,,,,,,,,,,,,,,,,,,,,,,,,
,,,,,,,,,,,,,,,,,,,,,,,,,,,,,,,,,,,,,,,,,,,,,,,,,,,,,,,,,,,,,,,,,,,,,,,,,,,,,,,,,,,,,,,,,,,,,,,,,,,,,,,,,,,,,,,,,,,,,,,,,,,,,,,,,,,,,,,,,,,,,,,,,,,,,,,,,,,,,,,,,,,,,,,,,,,,,,,
,,,,,,,,,,,,,,,,,,,,,,,,,,,,,,,,,,,,,,,,,,,Houston,"  627,201 ","  552,186 ","  566,934 ","  576,362 ",,,,,,,,,,,,,,,,,,,,,,,,,,,,,,,,,,,,,,,,,,,,,,,,,,,,,,,,,,,,,,,,,,,,,,,,,,,,,,,,,,,,,,,,,,,,,,,,,,,,,,,,,,,,,,,,,,,,,,,,,,,,,,,,
,,,,,,,,,,,,,,,,,,,,,,,,,,,,,,,,,,,,,,,,,,,Non - Houston,"  248,951 ","  242,550 ","  257,834 ","  252,798 ",,,,,,,,,,,,,,,,,,,,,,,,,,,,,,,,,,,,,,,,,,,,,,,,,,,,,,,,,,,,,,,,,,,,,,,,,,,,,,,,,,,,,,,,,,,,,,,,,,,,,,,,,,,,,,,,,,,,,,,,,,,,,,,,
,,,,,,,,,,,,,,,,,,,,,,,,,,,,,,,,,,,,,,,,,,,Total Pizer,"  876,152 ","  794,736 ","  824,768 ","  829,161 ",,,,,,,,,,,,,,,,,,,,,,,,,,,,,,,,,,,,,,,,,,,,,,,,,,,,,,,,,,,,,,,,,,,,,,,,,,,,,,,,,,,,,,,,,,,,,,,,,,,,,,,,,,,,,,,,,,,,,,,,,,,,,,,,
,,,,,,,,,,,,,,,,,,,,,,,,,,,,,,,,,,,,,,,,,,,New Sites,"  19,854 ","  20,075 ","  20,296 ","  20,296 ",,,,,,,,,,,,,,,,,,,,,,,,,,,,,,,,,,,,,,,,,,,,,,,,,,,,,,,,,,,,,,,,,,,,,,,,,,,,,,,,,,,,,,,,,,,,,,,,,,,,,,,,,,,,,,,,,,,,,,,,,,,,,,,,
,,,,,,,,,,,,,,,,,,,,,,,,,,,,,,,,,,,,,,,,,,,"  3,405,337 ","  896,006 ","  814,811 ","  845,063 ","  849,456 ",,,,,,,,,,,,,,,,,,,,,,,,,,,,,,,,,,,,,,,,,,,,,,,,,,,,,,,,,,,,,,,,,,,,,,,,,,,,,,,,,,,,,,,,,,,,,,,,,,,,,,,,,,,,,,,,,,,,,,,,,,,,,,,,
,,,,,,,,,,,,,,,,,,,,,,,,,,,,,,,,,,,,,,,,,,,"  3,405,337 ","  896,006 ","  814,811 ","  845,063 ","  849,456 ",,,,,,,,,,,,,,,,,,,,,,,,,,,,,,,,,,,,,,,,,,,,,,,,,,,,,,,,,,,,,,,,,,,,,,,,,,,,,,,,,,,,,,,,,,,,,,,,,,,,,,,,,,,,,,,,,,,,,,,,,,,,,,,,
,,,,,,,,,,,,,,,,,,,,,,,,,,,,,,,,,,,,,,,,,,,,,,,,,,,,,,,,,,,,,,,,,,,,,,,,,,,,,,,,,,,,,,,,,,,,,,,,,,,,,,,,,,,,,,,,,,,,,,,,,,,,,,,,,,,,,,,,,,,,,,,,,,,,,,,,,,,,,,,,,,,,,,,,,,,,,,,
,,,,,,,,,,,,,,,,,,,,,,,,,,,,,,,,,,,,,,,,,,,Houston,"  1,491,467 ","  2,062,247 ","  664,176 ","  889,686 ",,,,,,,,,,,,,,,,,,,,,,,,,,,,,,,,,,,,,,,,,,,,,,,,,,,,,,,,,,,,,,,,,,,,,,,,,,,,,,,,,,,,,,,,,,,,,,,,,,,,,,,,,,,,,,,,,,,,,,,,,,,,,,,,
,,,,,,,,,,,,,,,,,,,,,,,,,,,,,,,,,,,,,,,,,,,Non - Houston,"  1,068,929 ","  1,485,207 ","  487,881 ","  643,539 ",,,,,,,,,,,,,,,,,,,,,,,,,,,,,,,,,,,,,,,,,,,,,,,,,,,,,,,,,,,,,,,,,,,,,,,,,,,,,,,,,,,,,,,,,,,,,,,,,,,,,,,,,,,,,,,,,,,,,,,,,,,,,,,,
,,,,,,,,,,,,,,,,,,,,,,,,,,,,,,,,,,,,,,,,,,,Total Moderna,"  2,560,396 ","  3,547,453 ","  1,152,057 ","  1,533,225 ",,,,,,,,,,,,,,,,,,,,,,,,,,,,,,,,,,,,,,,,,,,,,,,,,,,,,,,,,,,,,,,,,,,,,,,,,,,,,,,,,,,,,,,,,,,,,,,,,,,,,,,,,,,,,,,,,,,,,,,,,,,,,,,,
,,,,,,,,,,,,,,,,,,,,,,,,,,,,,,,,,,,,,,,,,,,New Sites,"  663,357 ","  1,043,913 ","  121,489 ","  409,291 ",,,,,,,,,,,,,,,,,,,,,,,,,,,,,,,,,,,,,,,,,,,,,,,,,,,,,,,,,,,,,,,,,,,,,,,,,,,,,,,,,,,,,,,,,,,,,,,,,,,,,,,,,,,,,,,,,,,,,,,,,,,,,,,,
,,,,,,,,,,,,,,,,,,,,,,,,,,,,,,,,,,,,,,,,,,,"  11,031,181 ","  3,223,753 ","  4,591,366 ","  1,273,546 ","  1,942,516 ",,,,,,,,,,,,,,,,,,,,,,,,,,,,,,,,,,,,,,,,,,,,,,,,,,,,,,,,,,,,,,,,,,,,,,,,,,,,,,,,,,,,,,,,,,,,,,,,,,,,,,,,,,,,,,,,,,,,,,,,,,,,,,,,
,,,,,,,,,,,,,,,,,,,,,,,,,,,,,,,,,,,,,,,,,,,"  11,031,181 ","  3,223,753 ","  4,591,366 ","  1,273,546 ","  1,942,516 ",,,,,,,,,,,,,,,,,,,,,,,,,,,,,,,,,,,,,,,,,,,,,,,,,,,,,,,,,,,,,,,,,,,,,,,,,,,,,,,,,,,,,,,,,,,,,,,,,,,,,,,,,,,,,,,,,,,,,,,,,,,,,,,,
,,,,,,,,,,,,,,,,,,,,,,,,,,,,,,,,,,,,,,,,,,,,,,,,,,,,,,,,,,,,,,,,,,,,,,,,,,,,,,,,,,,,,,,,,,,,,,,,,,,,,,,,,,,,,,,,,,,,,,,,,,,,,,,,,,,,,,,,,,,,,,,,,,,,,,,,,,,,,,,,,,,,,,,,,,,,,,,
,,,,,,,,,,,,,,,,,,,,,,,,,,,,,,,,,,,,,,,,,,,Houston,"  7,803,722 ","  7,662,659 ","  5,806,066 ","  6,632,071 ",,,,,,,,,,,,,,,,,,,,,,,,,,,,,,,,,,,,,,,,,,,,,,,,,,,,,,,,,,,,,,,,,,,,,,,,,,,,,,,,,,,,,,,,,,,,,,,,,,,,,,,,,,,,,,,,,,,,,,,,,,,,,,,,
,,,,,,,,,,,,,,,,,,,,,,,,,,,,,,,,,,,,,,,,,,,Non - Houston,"  4,283,666 ","  4,213,770 ","  3,144,800 ","  3,729,141 ",,,,,,,,,,,,,,,,,,,,,,,,,,,,,,,,,,,,,,,,,,,,,,,,,,,,,,,,,,,,,,,,,,,,,,,,,,,,,,,,,,,,,,,,,,,,,,,,,,,,,,,,,,,,,,,,,,,,,,,,,,,,,,,,
,,,,,,,,,,,,,,,,,,,,,,,,,,,,,,,,,,,,,,,,,,,Total Sponsors,"  12,087,388 ","  11,876,429 ","  8,950,866 ","  10,361,213 ",,,,,,,,,,,,,,,,,,,,,,,,,,,,,,,,,,,,,,,,,,,,,,,,,,,,,,,,,,,,,,,,,,,,,,,,,,,,,,,,,,,,,,,,,,,,,,,,,,,,,,,,,,,,,,,,,,,,,,,,,,,,,,,,
,,,,,,,,,,,,,,,,,,,,,,,,,,,,,,,,,,,,,,,,,,,Total Other Sponsors,"  8,650,840 ","  7,534,240 ","  6,974,041 ","  7,998,827 ",,,,,,,,,,,,,,,,,,,,,,,,,,,,,,,,,,,,,,,,,,,,,,,,,,,,,,,,,,,,,,,,,,,,,,,,,,,,,,,,,,,,,,,,,,,,,,,,,,,,,,,,,,,,,,,,,,,,,,,,,,,,,,,,
,,,,,,,,,,,,,,,,,,,,,,,,,,,,,,,,,,,,,,,,,,,,,,,,,,,,,,,,,,,,,,,,,,,,,,,,,,,,,,,,,,,,,,,,,,,,,,,,,,,,,,,,,,,,,,,,,,,,,,,,,,,,,,,,,,,,,,,,,,,,,,,,,,,,,,,,,,,,,,,,,,,,,,,,,,,,,,,
,,,,,,,,,,,,,,,,,,,,,,,,,,,,,,,,,,,,,,,,,,,Houston,"  5,019,720 ","  5,135,243 ","  3,406,512 ","  4,275,993 ",,,,,,,,,,,,,,,,,,,,,,,,,,,,,,,,,,,,,,,,,,,,,,,,,,,,,,,,,,,,,,,,,,,,,,,,,,,,,,,,,,,,,,,,,,,,,,,,,,,,,,,,,,,,,,,,,,,,,,,,,,,,,,,,
,,,,,,,,,,,,,,,,,,,,,,,,,,,,,,,,,,,,,,,,,,,Non - Houston,"  3,113,923 ","  3,110,227 ","  2,051,536 ","  2,654,080 ",,,,,,,,,,,,,,,,,,,,,,,,,,,,,,,,,,,,,,,,,,,,,,,,,,,,,,,,,,,,,,,,,,,,,,,,,,,,,,,,,,,,,,,,,,,,,,,,,,,,,,,,,,,,,,,,,,,,,,,,,,,,,,,,
,,,,,,,,,,,,,,,,,,,,,,,,,,,,,,,,,,,,,,,,,,,Total Vaccine,"  8,947,007 ","  9,070,018 ","  6,003,853 ","  7,623,080 ",,,,,,,,,,,,,,,,,,,,,,,,,,,,,,,,,,,,,,,,,,,,,,,,,,,,,,,,,,,,,,,,,,,,,,,,,,,,,,,,,,,,,,,,,,,,,,,,,,,,,,,,,,,,,,,,,,,,,,,,,,,,,,,,
,,,,,,,,,,,,,,,,,,,,,,,,,,,,,,,,,,,,,,,,,,,New Sites,"  2,255,375 ","  2,303,561 ","  1,462,260 ","  2,375,592 ",,,,,,,,,,,,,,,,,,,,,,,,,,,,,,,,,,,,,,,,,,,,,,,,,,,,,,,,,,,,,,,,,,,,,,,,,,,,,,,,,,,,,,,,,,,,,,,,,,,,,,,,,,,,,,,,,,,,,,,,,,,,,,,,
,,,,,,,,,,,,,,,,,,,,,,,,,,,,,,,,,,,,,,,,,,,"  40,880,426 ","  11,427,920 ","  11,603,935 ","  7,612,340 ","  10,236,231 ",,,,,,,,,,,,,,,,,,,,,,,,,,,,,,,,,,,,,,,,,,,,,,,,,,,,,,,,,,,,,,,,,,,,,,,,,,,,,,,,,,,,,,,,,,,,,,,,,,,,,,,,,,,,,,,,,,,,,,,,,,,,,,,,
,,,,,,,,,,,,,,,,,,,,,,,,,,,,,,,,,,,,,,,,,,,,,,,,,,,,,,,,,,,,,,,,,,,,,,,,,,,,,,,,,,,,,,,,,,,,,,,,,,,,,,,,,,,,,,,,,,,,,,,,,,,,,,,,,,,,,,,,,,,,,,,,,,,,,,,,,,,,,,,,,,,,,,,,,,,,,,,
,,,,,,,,,,,,,,,,,,,,,,,,,,,,,,,,,,,,,,,,,,,Houston,"  2,074,573 ","  1,830,810 ","  1,871,730 ","  1,753,163 ",,,,,,,,,,,,,,,,,,,,,,,,,,,,,,,,,,,,,,,,,,,,,,,,,,,,,,,,,,,,,,,,,,,,,,,,,,,,,,,,,,,,,,,,,,,,,,,,,,,,,,,,,,,,,,,,,,,,,,,,,,,,,,,,
,,,,,,,,,,,,,,,,,,,,,,,,,,,,,,,,,,,,,,,,,,,Non - Houston,"  780,319 ","  720,473 ","  807,373 ","  736,048 ",,,,,,,,,,,,,,,,,,,,,,,,,,,,,,,,,,,,,,,,,,,,,,,,,,,,,,,,,,,,,,,,,,,,,,,,,,,,,,,,,,,,,,,,,,,,,,,,,,,,,,,,,,,,,,,,,,,,,,,,,,,,,,,,
,,,,,,,,,,,,,,,,,,,,,,,,,,,,,,,,,,,,,,,,,,,Total Non-Vaccine,"  3,140,381 ","  2,806,412 ","  2,947,012 ","  2,738,132 ",,,,,,,,,,,,,,,,,,,,,,,,,,,,,,,,,,,,,,,,,,,,,,,,,,,,,,,,,,,,,,,,,,,,,,,,,,,,,,,,,,,,,,,,,,,,,,,,,,,,,,,,,,,,,,,,,,,,,,,,,,,,,,,,
,,,,,,,,,,,,,,,,,,,,,,,,,,,,,,,,,,,,,,,,,,,New Sites,"  535,185 ","  782,690 ","  867,538 ","  881,703 ",,,,,,,,,,,,,,,,,,,,,,,,,,,,,,,,,,,,,,,,,,,,,,,,,,,,,,,,,,,,,,,,,,,,,,,,,,,,,,,,,,,,,,,,,,,,,,,,,,,,,,,,,,,,,,,,,,,,,,,,,,,,,,,,
,,,,,,,,,,,,,,,,,,,,,,,,,,,,,,,,,,,,,,,,,,,"  15,005,766 ","  3,729,084 ","  3,667,371 ","  3,901,305 ","  3,708,006 ",,,,,,,,,,,,,,,,,,,,,,,,,,,,,,,,,,,,,,,,,,,,,,,,,,,,,,,,,,,,,,,,,,,,,,,,,,,,,,,,,,,,,,,,,,,,,,,,,,,,,,,,,,,,,,,,,,,,,,,,,,,,,,,,
,,,,,,,,,,,,,,,,,,,,,,,,,,,,,,,,,,,,,,,,,,,"  13,641,605 ","  3,390,076 ","  3,333,974 ","  3,546,641 ","  3,370,914 ",,,,,,,,,,,,,,,,,,,,,,,,,,,,,,,,,,,,,,,,,,,,,,,,,,,,,,,,,,,,,,,,,,,,,,,,,,,,,,,,,,,,,,,,,,,,,,,,,,,,,,,,,,,,,,,,,,,,,,,,,,,,,,,,