,,OK,,,,,,,,,,Loaded,,,"91,446,893",,9.86%,"4,901,698","-1,050,038",,,"9,018,658",0,"176,090","2,924,502","5,918,066",8010667.758,"-1,007,990",0,0,0,0,0,"176,090","337,279","1,187,949","1,399,274","1,757,032","1,980,981","2,180,052",,,,,,,,,,TRUE,TRUE,TRUE,FALSE,TRUE,TRUE,TRUE,TRUE,TRUE,TRUE,TRUE,TRUE,TRUE,,ACT,ACT,ACT,ACT,ACT,FCST,FCST,FCST,FCST,FCST,FCST,FCST,,,,,,,OK,,,,,
,,,,,,,,,,,,,,,,,,,,,,,,,,,,,0,0,0,0,0,"154,465","295,859","1,042,060","1,227,433","1,541,256","1,737,703","1,912,327",,,,,0,"213,126","2,795,728","5,823,336",,0,0,0,0,0,"213,126","358,573","1,115,065","1,322,091","1,785,585","1,970,037","2,067,714","8,832,190",,0,0,0,0,0,"-58,661","-62,714","-73,004","-94,657","-244,329","-232,334","-155,387",,,,,,,,,,,,
,,,,,,,,,,,,Unloaded,7120,5077,"80,216,573",,,"4,299,735","-921,086",,,"7,911,104",0,"154,465","2,565,353","5,191,286","7,026,902",,0,0,0,0,0,"154,465","295,859","1,042,060","1,227,433","1,541,256","1,737,703","1,912,327",,,,,0,"213,126","2,795,728","5,823,336",,0,0,0,0,0,"213,126","358,573","1,115,065","1,322,091","1,785,585","1,970,037","2,067,714","8,832,190",,0,0,0,0,0,"-58,661","-62,714","-73,004","-94,657","-244,329","-232,334","-155,387",,,,,,,,,,,,
,S.No,Lead ID,Priority / Non-Priority,Protocol,New Programs,Sponsor / CRO,CRO,Indication,Therapeutic area,Category,Opportunity Count,FPFV,Sponsor Goals,Finance Goals,Full Contract Value,Avg CL%,Risk Adjustment,Total Reserve,2026 impact,Risk Adjusted CL%,Factored Potential Revenue,Revenue 2026,Q1 2026,Q2 2026,Q3 2026,Q4 2026,,,Jan 2026,Feb 2026,Mar 2026,Apr 2026,May 2026,Jun 2026,Jul 2026,Aug 2026,Sep 2026,Oct 2026,Nov 2026,Dec 2026,,,,,Q1 2026,Q2 2026,Q3 2026,Q4 2026,,Jan 2026,Feb 2026,Mar 2026,Apr 2026,May 2026,Jun 2026,Jul 2026,Aug 2026,Sep 2026,Oct 2026,Nov 2026,Dec 2026,Total,,Jan 2026,Feb 2026,Mar 2026,Apr 2026,May 2026,Jun 2026,Jul 2026,Aug 2026,Sep 2026,Oct 2026,Nov 2026,Dec 2026,Total,,CL% Range,CRO Helper,Aging Helper,Sponsor Helper,Lead Need to Add,CHECK,Protocol,,Priotiyy / Non-Priority,New Pipelines
,1,1613,Priority,218132,Existing,GSK,(No Info),Influenza,Vaccine-Influenza,Vaccine,1,10/1/2026,180,90,"585,000",83%,58%,"408,795","-240,560",25%,"146,250","103,690",0,0,0,"103,690","207,380",,0,0,0,0,0,0,0,0,0,"38,660","41,220","23,810","-1,341,445","1,100,885","1,255,008.63",,0,0,0,"344,250",,0,0,0,0,0,0,0,0,0,"128,350","136,850","79,050","344,250",,0,0,0,0,0,0,0,0,0,"-89,690","-95,630","-55,240","-240,560",,0% - 10%,Other,0 to 60 Days,GSK,,1613,218132,,1613,1613
,2,2561,Priority,D7266C00001,Existing,AstraZeneca, None , CVOT ,Cardiovascular,Non-Vaccine,9,7/6/2026,90,95,"2,265,270",77%,0%,0,0,77%,"1,736,707","374,330",0,0,"113,188","261,141","354,628",,0,0,0,0,0,0,"27,191","37,729","48,267","58,805","69,343","132,992","-214,800","214,800","244,872.00",,0,0,"113,188","261,141",,0,0,0,0,0,0,"27,191","37,729","48,267","58,805","69,343","132,992","374,330",,0,0,0,0,0,0,0,0,0,0,0,0,,,76% - 85%,Other,151 to 300 Days,AstraZeneca,,2561,D7266C00001,,2561,2561
,3,2749,Priority,ALV-101-1,Existing,, Worldwide Clinical Trials , Obesity ,Obesity,Non-Vaccine,3,7/3/2026,60,60,"1,200,000",83%,0%,0,0,83%,"1,000,000","414,824",0,0,"117,059","297,765","414,824",,0,0,0,0,0,0,"21,176","40,422","55,461","92,765","96,814","108,186",,,,,0,0,"117,059","297,765",,0,0,0,0,0,0,"21,176","40,422","55,461","92,765","96,814","108,186","414,824",,0,0,0,0,0,0,0,0,0,0,0,0,,,76% - 85%,Worldwide Clinical Trials,0 to 60 Days,Other,,2749,ALV-101-1,,2749,2749
,4,2623,Priority,D7260C00015,Existing,AstraZeneca, IQVIA , Obesity ,Obesity,Non-Vaccine,3,7/6/2026,30,26,"520,104",85%,0%,0,0,85%,"442,088","77,115",0,0,"25,046","52,069","88,979",,0,0,0,0,0,0,"4,706","8,951","11,390","18,348","14,639","19,083",,,,,0,0,"25,046","52,069",,0,0,0,0,0,0,"4,706","8,951","11,390","18,348","14,639","19,083","77,115",,0,0,0,0,0,0,0,0,0,0,0,0,,,76% - 85%,IQVIA,151 to 300 Days,AstraZeneca,,2623,D7260C00015,,2623,2623
,5,2634,Priority,D7261C00006,Existing,AstraZeneca,Unknown,Type 2 Diabetes,Endocrine & Metabolism,Non-Vaccine,3,7/4/2026,15,12,"240,024",58%,0%,0,0,58%,"140,014","57,988",0,0,"23,251","34,738","72,485",,0,0,0,0,0,0,"4,022","7,662","11,568","19,114","7,812","7,812",,,,,0,0,"23,251","34,738",,0,0,0,0,0,0,"4,022","7,662","11,568","19,114","7,812","7,812","57,988",,0,0,0,0,0,0,0,0,0,0,0,0,,,0% - 10%,Other,151 to 300 Days,AstraZeneca,,2634,D7261C00006,,2634,2634
,6,2637,Priority,D7261C00002,Existing,AstraZeneca,Unknown,Type 2 Diabetes,Endocrine & Metabolism,Non-Vaccine,1,7/6/2026,4,4,"80,008",30%,0%,0,0,30%,"24,002","12,545",0,0,"3,837","8,708","12,545",,0,0,0,0,0,0,689,"1,313","1,834","4,541","2,083","2,083",,,,,0,0,"3,837","8,708",,0,0,0,0,0,0,689,"1,313","1,834","4,541","2,083","2,083","12,545",,0,0,0,0,0,0,0,0,0,0,0,0,,,76% - 85%,Other,151 to 300 Days,AstraZeneca,,2637,D7261C00002,,2637,2637
,7,2710,Priority,R5713-5715-ALG-2556,Existing,Regeneron,Unknown,Birch Pollen Allergy,Allergy/Immunology,Non-Vaccine,4,10/1/2026,0,90,"1,800,000",71%,0%,0,0,71%,"1,282,500","592,058",0,0,0,"592,058",0,,0,0,0,0,0,0,0,0,0,"79,330","225,933","286,795",,,,,0,0,0,"592,058",,0,0,0,0,0,0,0,0,0,"79,330","225,933","286,795","592,058",,0,0,0,0,0,0,0,0,0,0,0,0,,,76% - 85%,Other,61 to 90 Days,Other,,2710,R5713-5715-ALG-2556,,2710,2710
,8,2285,Priority,D8750C00014,Existing,AstraZeneca,None,Obesity,Obesity,Non-Vaccine,9,8/3/2026,116,90,"1,799,960",41%,0%,0,0,41%,"739,984","605,195",0,0,"320,083","285,112","780,029",,0,0,0,0,0,0,0,"156,536","163,547","151,859","102,427","30,826",,,,,0,0,"320,083","285,112",,0,0,0,0,0,0,0,"156,536","163,547","151,859","102,427","30,826","605,195",,0,0,0,0,0,0,0,0,0,0,0,0,,,31% - 75%,Other,151 to 300 Days,AstraZeneca,,2285,D8750C00014,,2285,2285
,9,2608,Priority,D7265C00001,Existing,AstraZeneca, (No Info) , Chronic Kidney Disease ,General Medicine,Non-Vaccine,7,8/3/2026,70,42,"840,042",84%,0%,0,0,84%,"708,035","135,193",0,0,"57,909","77,284","225,321",,0,0,0,0,0,0,0,"46,415","11,493","19,376","34,592","23,317",,,,,0,0,"57,909","77,284",,0,0,0,0,0,0,0,"46,415","11,493","19,376","34,592","23,317","135,193",,0,0,0,0,0,0,0,0,0,0,0,0,,,76% - 85%,Other,151 to 300 Days,AstraZeneca,,2608,D7265C00001,,2608,2608
,10,2636,Priority,D7261C00003,Existing,AstraZeneca, Unknown , Type 2 Diabetes ,Endocrine & Metabolism,Non-Vaccine,6,7/1/2026,36,33,"660,000",18%,0%,0,0,18%,"121,000","42,077",0,0,"15,914","26,163","45,902",,0,0,0,0,0,0,"4,061","4,978","6,875","8,769","8,750","8,645",,,,,0,0,"15,914","26,163",,0,0,0,0,0,0,"4,061","4,978","6,875","8,769","8,750","8,645","42,077",,0,0,0,0,0,0,0,0,0,0,0,0,,,76% - 85%,Other,151 to 300 Days,AstraZeneca,,2636,D7261C00003,,2636,2636
,11,2761,Priority,NN9489-8449,Existing,Novo Norsdisk,, Type 2 Diabetes ,Endocrine & Metabolism,Non-Vaccine,6,11/10/2026,30,43,"860,000",31%,0%,0,0,31%,"265,167","19,964",0,0,0,"19,964","13,929",,0,0,0,0,0,0,0,0,0,0,"6,883","13,082",,,,,0,0,0,"19,964",,0,0,0,0,0,0,0,0,0,0,"6,883","13,082","19,964",,0,0,0,0,0,0,0,0,0,0,0,0,0,,76% - 85%,Other,0 to 60 Days,Other,,2761,NN9489-8449,,2761,2761
,12,2777,Non-Priority,C6491020,Existing,Pfizer,, Obesity ,Obesity,Non-Vaccine,2,9/14/2026,36,36,"719,928",83%,0%,0,0,83%,"593,941","97,972",0,0,"5,488","92,484","97,972",,0,0,0,0,0,0,0,0,"5,488","20,434","31,923","40,128",,,,,0,0,"5,488","92,484",,0,0,0,0,0,0,0,0,"5,488","20,434","31,923","40,128","97,972",,0,0,0,0,0,0,0,0,0,0,0,0,0,,76% - 85%,Other,0 to 60 Days,Pfizer,,2777,C6491020,,Non-Priority,New
,13,2763,Non-Priority,MK-5884-031,Existing,Merck,, COPD ,Respiratory,Non-Vaccine,7,11/20/2026,56,56,"1,119,928",39%,0%,0,0,39%,"439,972","25,541",0,0,0,"25,541","25,541",,0,0,0,0,0,0,0,0,0,0,"16,810","8,731",,,,,0,0,0,"25,541",,0,0,0,0,0,0,0,0,0,0,"16,810","8,731","25,541",,0,0,0,0,0,0,0,0,0,0,0,0,,,76% - 85%,Other,0 to 60 Days,Other,,2763,MK-5884-031,,Non-Priority,New
,14,2685,Non-Priority,VCA23395,Existing,Sanofi, ICON , RSV Vaccine ,Vaccine-Respiratory,Vaccine,3,9/22/2026,85,85,"722,415",85%,60%,"509,940","-260,375",25%,"180,604","108,490",0,0,"20,689","87,800","108,490",,0,0,0,0,0,0,771,"5,039","14,880","39,053","32,399","16,348","-177,021","-83,354","-95,023.33",,0,0,"70,343","298,521",,0,0,0,0,0,0,"2,621","17,132","50,590","132,780","110,157","55,584","368,864",,0,0,0,0,0,0,"-1,850","-12,093","-35,711","-93,727","-77,758","-39,236",,,76% - 85%,ICON,61 to 90 Days,Sanofi,,2685,VCA23395,,Non-Priority,2685
,15,2764,Priority,NN9489-8034,Existing,Novo Norsdisk,, Type 2 Diabetes ,Endocrine & Metabolism,Non-Vaccine,4,11/10/2026,0,72,"1,224,000",44%,0%,0,0,44%,"535,500","33,646",0,0,0,"33,646",0,,0,0,0,0,0,0,0,0,0,0,"11,621","22,025",,,,,0,0,0,"33,646",,0,0,0,0,0,0,0,0,0,0,"11,621","22,025","33,646",,0,0,0,0,0,0,0,0,0,0,0,0,,,76% - 85%,Other,0 to 60 Days,Other,,2764,NN9489-8034,,2764,2764
,16,2553,Non-Priority,306300,Existing,GSK, IQVIA , MASH ,Endocrine & Metabolism,Non-Vaccine,1,7/1/2026,3,4,"80,000",80%,0%,0,0,80%,"64,000","20,518",0,0,"11,226","9,293","15,389",,0,0,0,0,0,0,"4,995","3,358","2,872","3,386","2,755","3,152",,,,,0,0,"11,226","9,293",,0,0,0,0,0,0,"4,995","3,358","2,872","3,386","2,755","3,152","20,518",,0,0,0,0,0,0,0,0,0,0,0,0,,,76% - 85%,IQVIA,151 to 300 Days,GSK,,2553,306300,,Non-Priority,New
,17,2057,Non-Priority,CD388.SQ.3.06,Existing,"Cidara Therapeutics, Inc",Parexel,Influenza,Vaccine-Influenza,Vaccine,1,9/1/2026,0,21,"417,306",80%,0%,0,0,80%,"333,845","243,520",0,0,"80,057","163,463",0,,0,0,0,0,0,0,0,0,"80,057","106,236","31,203","26,024",,,,,0,0,"80,057","163,463",,0,0,0,0,0,0,0,0,"80,057","106,236","31,203","26,024","243,520",,0,0,0,0,0,0,0,0,0,0,0,0,,,76% - 85%,Parexel,151 to 300 Days,Other,,2057,CD388.SQ.3.06,,Non-Priority,2057
,18,2218,Non-Priority,K9531-3104 (PAB77690),Existing,Kailera Therapeutics,IQVIA,Obesity,Obesity,Non-Vaccine,2,7/30/2026,47,47,"1,298,587",43%,0%,0,0,43%,"551,899","167,185",0,0,"64,194","102,991","167,185",,0,0,0,0,0,0,"14,542","21,086","28,566","33,766","35,376","33,849",,,,,0,0,"64,194","102,991",,0,0,0,0,0,0,"14,542","21,086","28,566","33,766","35,376","33,849","167,185",,0,0,0,0,0,0,0,0,0,0,0,0,,,76% - 85%,IQVIA,151 to 300 Days,Other,,2218,K9531-3104 (PAB77690),,Non-Priority,2218
,19,1945,Non-Priority,V201-08,Existing,Seqirus,IQVIA,Influenza,Vaccine-Influenza,Vaccine,7,11/6/2026,700,123,"1,045,500",5%,0%,0,0,5%,"52,275","8,077",0,0,0,"8,077","45,969",,0,0,0,0,0,0,0,0,0,0,"3,353","4,725",,,"1,404,857.29",,0,0,0,"8,077",,0,0,0,0,0,0,0,0,0,0,"3,353","4,725","8,077",,0,0,0,0,0,0,0,0,0,0,0,0,,,0% - 10%,IQVIA,151 to 300 Days,Seqirus,,1945,V201-08,,Non-Priority,1945
,20,2061,Non-Priority,80120522,Existing,No Information,Worldwide Clinical Trials,Obesity,Obesity,Non-Vaccine,7,11/6/2026,140,140,"2,800,000",5%,0%,0,0,5%,"140,000","50,476",0,0,0,"50,476","50,476",,0,0,0,0,0,0,0,0,0,0,"20,952","29,524",,,,,0,0,0,"50,476",,0,0,0,0,0,0,0,0,0,0,"20,952","29,524","50,476",,0,0,0,0,0,0,0,0,0,0,0,0,,,0% - 10%,Worldwide Clinical Trials,151 to 300 Days,Other,,2061,80120522,,Non-Priority,2061
,21,2077,Non-Priority,OAB71527,Existing, No Information ,IQVIA, Shingles ,Vaccine-Other,Vaccine,17,7/31/2026,306,306,"2,601,000",5%,0%,0,0,5%,"130,050","35,966",0,0,"14,053","21,913","35,966",,0,0,0,0,0,0,0,"6,907","7,146","7,384","7,146","7,384",,,,,0,0,"14,053","21,913",,0,0,0,0,0,0,0,"6,907","7,146","7,384","7,146","7,384","35,966",,0,0,0,0,0,0,0,0,0,0,0,0,,,0% - 10%,IQVIA,151 to 300 Days,Other,,2077,OAB71527,,Non-Priority,2077
,22,2163,Non-Priority,Steel-101,Existing, Steel ,Target Health (Target Health), SAD/MAD ,Psychiatry,Non-Vaccine,3,11/6/2026,12,12,"240,000",5%,0%,0,0,5%,"12,000","1,933",0,0,0,"1,933","1,933",,0,0,0,0,0,0,0,0,0,0,802,"1,131",,,,,0,0,0,"1,933",,0,0,0,0,0,0,0,0,0,0,802,"1,131","1,933",,0,0,0,0,0,0,0,0,0,0,0,0,,,0% - 10%,Other,151 to 300 Days,Other,,2163,Steel-101,,Non-Priority,2163
,23,2186,Priority,D4326C00007,Existing, AstraZeneca ,IQVIA, Liver Cirrhosis ,Gastroenterology,Non-Vaccine,1,4/30/2026,1,1,"20,000",30%,0%,0,0,30%,"6,000","1,623",0,228,698,698,"1,623",,0,0,0,0,0,228,235,235,228,235,228,235,,,,,0,228,698,698,,0,0,0,0,0,228,235,235,228,235,228,235,"1,623",,0,0,0,0,0,0,0,0,0,0,0,0,,,11% - 30%,IQVIA,151 to 300 Days,AstraZeneca,,2186,D4326C00007,,2186,2186
,24,2185,Priority,D4326C00006,Existing, AstraZeneca ,IQVIA, Liver Cirrhosis ,Gastroenterology,Non-Vaccine,1,4/30/2026,1,1,"20,000",30%,0%,0,0,30%,"6,000","1,623",0,228,698,698,"1,623",,0,0,0,0,0,228,235,235,228,235,228,235,,,,,0,228,698,698,,0,0,0,0,0,228,235,235,228,235,228,235,"1,623",,0,0,0,0,0,0,0,0,0,0,0,0,,,11% - 30%,IQVIA,151 to 300 Days,AstraZeneca,,2185,D4326C00006,,2185,2185
,25,2182,Non-Priority,CIN-102-124,Existing," CinDome Pharma, Inc ",Medpace, Idiopathic Gastroparesis ,Gastroenterology,Non-Vaccine,1,4/30/2026,1,1,"20,000",30%,0%,0,0,30%,"6,000","2,352",0,330,"1,011","1,011","2,352",,0,0,0,0,0,330,341,341,330,341,330,341,,,,,0,330,"1,011","1,011",,0,0,0,0,0,330,341,341,330,341,330,341,"2,352",,0,0,0,0,0,0,0,0,0,0,0,0,,,11% - 30%,Other,151 to 300 Days,Other,,2182,CIN-102-124,,Non-Priority,2182
,26,2196,Non-Priority,D6940C00002,Existing, AstraZeneca ,None, Rheumatoid Arthritis ,Rheumatology,Non-Vaccine,2,11/6/2026,12,12,"240,000",5%,0%,0,0,5%,"12,000","1,933",0,0,0,"1,933","1,933",,0,0,0,0,0,0,0,0,0,0,802,"1,131",,,,,0,0,0,"1,933",,0,0,0,0,0,0,0,0,0,0,802,"1,131","1,933",,0,0,0,0,0,0,0,0,0,0,0,0,,,0% - 10%,Other,301 Onwards,AstraZeneca,,2196,D6940C00002,,Non-Priority,2196
,27,2195,Non-Priority,D7130C00002,Existing, AstraZeneca ,None, Rheumatoid Arthritis ,Rheumatology,Non-Vaccine,3,11/6/2026,18,18,"360,000",5%,0%,0,0,5%,"18,000","2,900",0,0,0,"2,900","2,900",,0,0,0,0,0,0,0,0,0,0,"1,204","1,696",,,,,0,0,0,"2,900",,0,0,0,0,0,0,0,0,0,0,"1,204","1,696","2,900",,0,0,0,0,0,0,0,0,0,0,0,0,,,0% - 10%,Other,301 Onwards,AstraZeneca,,2195,D7130C00002,,Non-Priority,2195
,28,2237,Non-Priority,J3L-MC-EZEF,Existing, Eli Lilly ,ICON, Atherosclerotic cardiovascular disease ,Cardiovascular,Non-Vaccine,6,11/7/2026,0,32,"640,000",5%,0%,0,0,5%,"32,000","1,514",0,0,0,"1,514",0,,0,0,0,0,0,0,0,0,0,0,629,886,,,,,0,0,0,"1,514",,0,0,0,0,0,0,0,0,0,0,629,886,"1,514",,0,0,0,0,0,0,0,0,0,0,0,0,,,0% - 10%,ICON,151 to 300 Days,Other,,2237,J3L-MC-EZEF,,Non-Priority,2237
,29,2286,Priority,D8750C00011,Existing, AstraZeneca ,None, Obesity ,Obesity,Non-Vaccine,10,8/1/2026,50,40,"800,000",30%,0%,0,0,30%,"240,000","199,121",0,0,"77,802","121,319","248,901",,0,0,0,0,0,0,0,"38,242","39,560","40,879","39,560","40,879",,,,,0,0,"77,802","121,319",,0,0,0,0,0,0,0,"38,242","39,560","40,879","39,560","40,879","199,121",,0,0,0,0,0,0,0,0,0,0,0,0,,,11% - 30%,Other,151 to 300 Days,AstraZeneca,,2286,D8750C00011,,2286,2286
,30,2284,Priority,D8750C00010,Existing, AstraZeneca ,None, Obesity ,Obesity,Non-Vaccine,10,8/1/2026,50,40,"800,000",30%,0%,0,0,30%,"240,000","172,571",0,0,"67,429","105,143","215,714",,0,0,0,0,0,0,0,"33,143","34,286","35,429","34,286","35,429",,,,,0,0,"67,429","105,143",,0,0,0,0,0,0,0,"33,143","34,286","35,429","34,286","35,429","172,571",,0,0,0,0,0,0,0,0,0,0,0,0,,,11% - 30%,Other,151 to 300 Days,AstraZeneca,,2284,D8750C00010,,2284,2284
,31,2283,Priority,D8750C00012,Existing, AstraZeneca ,None, Obesity ,Obesity,Non-Vaccine,10,8/1/2026,100,100,"2,000,000",40%,0%,0,0,40%,"800,000","539,286",0,0,"210,714","328,571","539,286",,0,0,0,0,0,0,0,"103,571","107,143","110,714","107,143","110,714",,,,,0,0,"210,714","328,571",,0,0,0,0,0,0,0,"103,571","107,143","110,714","107,143","110,714","539,286",,0,0,0,0,0,0,0,0,0,0,0,0,,,11% - 30%,Other,151 to 300 Days,AstraZeneca,,2283,D8750C00012,,2283,2283
,32,2539,Non-Priority,XmAb13676-06,Existing,"Xencor, Inc", None , Rheumatoid Arthritis ,Rheumatology,Non-Vaccine,1,10/3/2026,0,5,"100,000",30%,0%,0,0,30%,"30,000","11,092",0,0,0,"11,092",0,,0,0,0,0,0,0,0,0,0,"3,403","3,782","3,908",,,,,0,0,0,"11,092",,0,0,0,0,0,0,0,0,0,"3,403","3,782","3,908","11,092",,0,0,0,0,0,0,0,0,0,0,0,0,,,11% - 30%,Other,151 to 300 Days,Other,,2539,XmAb13676-06,,Non-Priority,2539
,33,2510,Non-Priority,SUM-191-01,Existing," Senju USA, Inc ", PPD , Bacterial Conjunctivitis , Ophthalmology ,Non-Vaccine,1,7/31/2026,1,1,"16,000",30%,0%,0,0,30%,"4,800","4,800",0,0,"4,800",0,"4,800",,0,0,0,0,0,0,0,"4,800",0,0,0,0,,,,,0,0,"4,800",0,,0,0,0,0,0,0,0,"4,800",0,0,0,0,"4,800",,0,0,0,0,0,0,0,0,0,0,0,0,,,11% - 30%,PPD,151 to 300 Days,Other,,2510,SUM-191-01,,Non-Priority,New
,34,2555,Non-Priority,BHV1300-302,Existing,Biohaven, (No Info) , Not Available in Atom , Endocrine & Metabolism ,Non-Vaccine,2,5/2/2026,2,2,"40,000",18%,0%,0,0,18%,"7,000","3,292",0,462,"1,415","1,415","3,292",,0,0,0,0,0,462,477,477,462,477,462,477,,,,,0,462,"1,415","1,415",,0,0,0,0,0,462,477,477,462,477,462,477,"3,292",,0,0,0,0,0,0,0,0,0,0,0,0,,,11% - 30%,Other,151 to 300 Days,Other,,2555,BHV1300-302,,Non-Priority,2555
,35,2554,Non-Priority,BHV1300-301,Existing,Biohaven, (No Info) , Not Available in Atom , Endocrine & Metabolism ,Non-Vaccine,2,4/30/2026,2,2,"40,000",18%,0%,0,0,18%,"7,000","2,744",0,385,"1,179","1,179","2,744",,0,0,0,0,0,385,397,397,385,397,385,397,,,,,0,385,"1,179","1,179",,0,0,0,0,0,385,397,397,385,397,385,397,"2,744",,0,0,0,0,0,0,0,0,0,0,0,0,,,11% - 30%,Other,151 to 300 Days,Other,,2554,BHV1300-301,,Non-Priority,2554
,36,2549,Priority,D740AC00001,Existing,AstraZeneca, Fortrea , Rheumatoid Arthritis ,Rheumatology,Non-Vaccine,1,4/28/2026,2,2,"40,000",30%,0%,0,0,30%,"12,000","7,055",0,989,"3,033","3,033","7,055",,0,0,0,0,0,989,"1,022","1,022",989,"1,022",989,"1,022",,,,,0,989,"3,033","3,033",,0,0,0,0,0,989,"1,022","1,022",989,"1,022",989,"1,022","7,055",,0,0,0,0,0,0,0,0,0,0,0,0,,,11% - 30%,Other,151 to 300 Days,AstraZeneca,,2549,D740AC00001,,2549,2549
,37,2541,Non-Priority,292006,Existing,No Information, Parexel , Alzheimer's Disease ,Psychiatry,Non-Vaccine,1,10/3/2026,8,8,"128,000",5%,0%,0,0,5%,"6,400","2,366",0,0,0,"2,366","2,366",,0,0,0,0,0,0,0,0,0,726,807,834,,,,,0,0,0,"2,366",,0,0,0,0,0,0,0,0,0,726,807,834,"2,366",,0,0,0,0,0,0,0,0,0,0,0,0,,,0% - 10%,Parexel,151 to 300 Days,Other,,2541,292006,,Non-Priority,New
,38,2621,Priority,D8790C00001,Existing,AstraZeneca, IQVIA , Chronic Kidney Disease ,General Medicine,Non-Vaccine,7,6/30/2026,42,42,"840,000",26%,0%,0,0,26%,"222,000","25,571",0,0,"12,429","13,143","25,571",,0,0,0,0,0,0,"3,714","4,429","4,286","4,429","4,286","4,429",,,,,0,0,"12,429","13,143",,0,0,0,0,0,0,"3,714","4,429","4,286","4,429","4,286","4,429","25,571",,0,0,0,0,0,0,0,0,0,0,0,0,,,11% - 30%,IQVIA,151 to 300 Days,AstraZeneca,,2621,D8790C00001,,2621,2621
,39,2616,Priority,VBV19172,Existing,Sanofi, Sponsor Initiated , COVID-19 ,Vaccine-COVID,Vaccine,1,9/28/2026,8,8,"68,000",5%,0%,0,0,5%,"3,400","1,073",0,0,34,"1,039","1,073",,0,0,0,0,0,0,0,0,34,350,339,350,,,,,0,0,34,"1,039",,0,0,0,0,0,0,0,0,34,350,339,350,"1,073",,0,0,0,0,0,0,0,0,0,0,0,0,,,0% - 10%,Other,151 to 300 Days,Sanofi,,2616,VBV19172,,2616,2616
,40,2610,Non-Priority,300622,Existing,GSK, ICON , IBS-D IBS-M , General Medicine ,Non-Vaccine,1,6/6/2026,0,4,"80,000",30%,0%,0,0,30%,"24,000","18,677",0,"2,075","8,301","8,301",0,,0,0,0,0,0,"2,075","2,797","2,797","2,707","2,797","2,707","2,797",,,,,0,"2,075","8,301","8,301",,0,0,0,0,0,"2,075","2,797","2,797","2,707","2,797","2,707","2,797","18,677",,0,0,0,0,0,0,0,0,0,0,0,0,,,11% - 30%,ICON,151 to 300 Days,GSK,,2610,300622,,Non-Priority,2610
,41,2609,Non-Priority,223960,Existing,GSK, (No Info) , RSV Vaccine ,Vaccine-Respiratory,Vaccine,1,6/3/2026,0,5,"42,500",5%,0%,0,0,5%,"2,125","1,208",0,134,537,537,0,,0,0,0,0,0,134,181,181,175,181,175,181,,,,,0,134,537,537,,0,0,0,0,0,134,181,181,175,181,175,181,"1,208",,0,0,0,0,0,0,0,0,0,0,0,0,,,0% - 10%,Other,151 to 300 Days,GSK,,2609,223960,,Non-Priority,2609
,42,2601,Non-Priority,AAHI-AMVPX-123,Existing,Technical Resources International (TRI), None , Amoebiasis , Infectious Disease ,Non-Vaccine,2,5/2/2026,10,10,"200,000",5%,0%,0,0,5%,"10,000","4,703",0,659,"2,022","2,022","4,703",,0,0,0,0,0,659,681,681,659,681,659,681,,,,,0,659,"2,022","2,022",,0,0,0,0,0,659,681,681,659,681,659,681,"4,703",,0,0,0,0,0,0,0,0,0,0,0,0,,,0% - 10%,Other,151 to 300 Days,Other,,2601,AAHI-AMVPX-123,,Non-Priority,2601
,43,2599,Non-Priority,CLI-10196AA1-02,Existing,"Chiesi Usa, Inc.", IQVIA , Bronchiectasis , Respiratory ,Non-Vaccine,2,8/2/2026,12,12,"240,000",5%,0%,0,0,5%,"12,000","3,319",0,0,"1,297","2,022","3,319",,0,0,0,0,0,0,0,637,659,681,659,681,,,,,0,0,"1,297","2,022",,0,0,0,0,0,0,0,637,659,681,659,681,"3,319",,0,0,0,0,0,0,0,0,0,0,0,0,,,0% - 10%,IQVIA,151 to 300 Days,Other,,2599,CLI-10196AA1-02,,Non-Priority,2599
,44,2596,Non-Priority,CDDY391B12201,Existing,Novartis, IQVIA , Systemic Lupus Erythematosus (SLE) ,General Medicine,Non-Vaccine,1,8/27/2026,5,5,"100,000",5%,0%,0,0,5%,"5,000","3,820",0,0,963,"2,857","3,820",,0,0,0,0,0,0,0,31,932,963,932,963,,,,,0,0,963,"2,857",,0,0,0,0,0,0,0,31,932,963,932,963,"3,820",,0,0,0,0,0,0,0,0,0,0,0,0,,,0% - 10%,IQVIA,151 to 300 Days,Other,,2596,CDDY391B12201,,Non-Priority,2596
,45,2593,Non-Priority,306938,Existing,GSK, (No Info) , Influenza ,Vaccine-Influenza,Vaccine,4,4/29/2026,0,320,"2,720,000",30%,0%,0,0,30%,"816,000","479,736",0,"67,253","206,242","206,242",0,,0,0,0,0,0,"67,253","69,495","69,495","67,253","69,495","67,253","69,495",,,,,0,"67,253","206,242","206,242",,0,0,0,0,0,"67,253","69,495","69,495","67,253","69,495","67,253","69,495","479,736",,0,0,0,0,0,0,0,0,0,0,0,0,,,11% - 30%,Other,151 to 300 Days,GSK,,2593,306938,,Non-Priority,2593
,46,2590,Non-Priority,RAB35102,Existing,No Information, IQVIA , Lyme ,Vaccine-Other,Vaccine,6,5/8/2026,30,30,"255,000",13%,0%,0,0,13%,"34,000","23,623",0,"3,312","10,156","10,156","23,623",,0,0,0,0,0,"3,312","3,422","3,422","3,312","3,422","3,312","3,422",,,,,0,"3,312","10,156","10,156",,0,0,0,0,0,"3,312","3,422","3,422","3,312","3,422","3,312","3,422","23,623",,0,0,0,0,0,0,0,0,0,0,0,0,,,11% - 30%,IQVIA,151 to 300 Days,Other,,2590,RAB35102,,Non-Priority,2590
,47,2632,Priority,NN9490-8665,Existing,Novo Norsdisk, Unknown , Atherosclerotic cardiovascular disease ,Cardiovascular,Non-Vaccine,2,10/26/2026,20,20,"400,000",18%,0%,0,0,18%,"70,000","9,306",0,0,0,"9,306","9,306",,0,0,0,0,0,0,0,0,0,833,"4,167","4,306",,,,,0,0,0,"9,306",,0,0,0,0,0,0,0,0,0,833,"4,167","4,306","9,306",,0,0,0,0,0,0,0,0,0,0,0,0,,,11% - 30%,Other,151 to 300 Days,Other,,2632,NN9490-8665,,2632,2632
,48,2631,Priority,NN9490-8037,Existing,Novo Norsdisk, Unknown , CVOT ,Cardiovascular,Non-Vaccine,2,10/26/2026,20,20,"400,000",18%,0%,0,0,18%,"70,000","9,306",0,0,0,"9,306","9,306",,0,0,0,0,0,0,0,0,0,833,"4,167","4,306",,,,,0,0,0,"9,306",,0,0,0,0,0,0,0,0,0,833,"4,167","4,306","9,306",,0,0,0,0,0,0,0,0,0,0,0,0,,,11% - 30%,Other,151 to 300 Days,Other,,2631,NN9490-8037,,2631,2631
,49,2640,Non-Priority,7076875,Existing,No Information, Syneos Health , Not Available in Atom , Cardiovascular ,Non-Vaccine,1,7/1/2026,8,8,"160,000",5%,0%,0,0,5%,"8,000","2,841",0,0,"1,381","1,460","2,841",,0,0,0,0,0,0,413,492,476,492,476,492,,,,,0,0,"1,381","1,460",,0,0,0,0,0,0,413,492,476,492,476,492,"2,841",,0,0,0,0,0,0,0,0,0,0,0,0,,,0% - 10%,Syneos Health,91 to 150 Days,Other,,2640,7076875,,Non-Priority,2640
,50,2656,Non-Priority,M26-266,Existing,Abbvie, Unknown , Crohn's Disease ,Gastroenterology,Non-Vaccine,2,7/17/2026,16,16,"320,000",5%,0%,0,0,5%,"16,000","5,167",0,0,"2,286","2,881","5,167",,0,0,0,0,0,0,376,971,940,971,940,971,,,,,0,0,"2,286","2,881",,0,0,0,0,0,0,376,971,940,971,940,971,"5,167",,0,0,0,0,0,0,0,0,0,0,0,0,,,0% - 10%,Other,91 to 150 Days,Other,,2656,M26-266,,Non-Priority,2656
,51,2655,Non-Priority,GSBR-1290-12,Existing,Structure Therapeutics, Parexel ,Obesity,Obesity,Non-Vaccine,2,7/30/2026,16,16,"320,000",30%,0%,0,0,30%,"96,000","27,985",0,0,"10,934","17,050","27,985",,0,0,0,0,0,0,0,"5,375","5,560","5,745","5,560","5,745",,,,,0,0,"10,934","17,050",,0,0,0,0,0,0,0,"5,375","5,560","5,745","5,560","5,745","27,985",,0,0,0,0,0,0,0,0,0,0,0,0,,,11% - 30%,Parexel,91 to 150 Days,Other,,2655,GSBR-1290-12,,Non-Priority,2655
,52,2651,Priority,J2A-MC-GZVA,Existing,Eli Lilly, Unknown , Not Available in Atom , Endocrine & Metabolism ,Non-Vaccine,15,5/20/2026,225,225,"4,500,000",30%,22%,"3,285,000","-418,446",8%,"364,500","154,768",0,"21,696","66,536","66,536","154,768",,0,0,0,0,0,"21,696","22,420","22,420","21,696","22,420","21,696","22,420",,,"-418,446",,0,"80,357","246,429","246,429",,0,0,0,0,0,"80,357","83,036","83,036","80,357","83,036","80,357","83,036","573,214",,0,0,0,0,0,"-58,661","-60,616","-60,616","-58,661","-60,616","-58,661","-60,616",,,11% - 30%,Other,91 to 150 Days,Other,,2651,J2A-MC-GZVA,,2651,2651
,53,2682,Non-Priority,NOE-TTS-201,Existing,No Information, Unknown , Not Available in Atom , CNS ,Non-Vaccine,1,11/6/2026,2,2,"40,000",5%,0%,0,0,5%,"2,000",210,0,0,0,210,210,,0,0,0,0,0,0,0,0,0,0,87,123,,,,,0,0,0,210,,0,0,0,0,0,0,0,0,0,0,87,123,210,,0,0,0,0,0,0,0,0,0,0,0,0,,,0% - 10%,Other,91 to 150 Days,Other,,2682,NOE-TTS-201,,Non-Priority,2682
,54,2676,Non-Priority,AB-101-05,Existing,Artiva Biotherapeutics, PPD , Rheumatoid Arthritis ,Rheumatology,Non-Vaccine,2,6/6/2026,20,20,"320,000",30%,0%,0,0,30%,"96,000","39,429",0,"4,381","17,524","17,524","39,429",,0,0,0,0,0,"4,381","5,905","5,905","5,714","5,905","5,714","5,905",,,,,0,"4,381","17,524","17,524",,0,0,0,0,0,"4,381","5,905","5,905","5,714","5,905","5,714","5,905","39,429",,0,0,0,0,0,0,0,0,0,0,0,0,,,11% - 30%,PPD,91 to 150 Days,Other,,2676,AB-101-05,,Non-Priority,2676
,55,2669,Non-Priority,NT-0796-P005,Existing,NodThera, Medpace , Cardiovascular Disease ,Cardiovascular,Non-Vaccine,4,5/2/2026,20,20,"320,000",30%,0%,0,0,30%,"96,000","40,762",0,"5,714","17,524","17,524","40,762",,0,0,0,0,0,"5,714","5,905","5,905","5,714","5,905","5,714","5,905",,,,,0,"5,714","17,524","17,524",,0,0,0,0,0,"5,714","5,905","5,905","5,714","5,905","5,714","5,905","40,762",,0,0,0,0,0,0,0,0,0,0,0,0,,,11% - 30%,Other,91 to 150 Days,Other,,2669,NT-0796-P005,,Non-Priority,2669
,56,2697,Non-Priority,C4591083,Existing,Pfizer, Unknown , COVID-19 ,Vaccine-COVID,Vaccine,4,6/1/2026,80,80,"680,000",55%,0%,0,0,55%,"374,000","167,130",0,"23,429","71,850","71,850","167,130",,0,0,0,0,0,"23,429","24,210","24,210","23,429","24,210","23,429","24,210",,,,,0,"23,429","71,850","71,850",,0,0,0,0,0,"23,429","24,210","24,210","23,429","24,210","23,429","24,210","167,130",,0,0,0,0,0,0,0,0,0,0,0,0,,,76% - 85%,Other,61 to 90 Days,Pfizer,,2697,C4591083,,Non-Priority,2697
,57,2698,Non-Priority,382-201-00032,Existing,Otsuka, Syneos Health , General Anxiety Disorder ,Psychiatry,Non-Vaccine,1,6/1/2026,10,10,"200,000",30%,0%,0,0,30%,"60,000","25,476",0,"3,571","10,952","10,952","25,476",,0,0,0,0,0,"3,571","3,690","3,690","3,571","3,690","3,571","3,690",,,,,0,"3,571","10,952","10,952",,0,0,0,0,0,"3,571","3,690","3,690","3,571","3,690","3,571","3,690","25,476",,0,0,0,0,0,0,0,0,0,0,0,0,,,11% - 30%,Syneos Health,61 to 90 Days,Other,,2698,382-201-00032,,Non-Priority,2698
,58,2693,Non-Priority,VGX-002-001,Existing,Vogenx, Unknown , Idiopathic Gastroparesis ,Gastroenterology,Non-Vaccine,2,9/7/2026,48,48,"768,000",30%,0%,0,0,30%,"230,400","53,029",0,0,"10,971","42,057","53,029",,0,0,0,0,0,0,0,0,"10,971","14,171","13,714","14,171",,,,,0,0,"10,971","42,057",,0,0,0,0,0,0,0,0,"10,971","14,171","13,714","14,171","53,029",,0,0,0,0,0,0,0,0,0,0,0,0,,,11% - 30%,Other,61 to 90 Days,Other,,2693,VGX-002-001,,Non-Priority,2693
,59,2694,Non-Priority,382-201-00032,Existing,Otsuka, Syneos Health , General Anxiety Disorder ,Psychiatry,Non-Vaccine,1,6/14/2026,20,20,"400,000",5%,0%,0,0,5%,"20,000","7,937",0,635,"3,651","3,651","7,937",,0,0,0,0,0,635,"1,230","1,230","1,190","1,230","1,190","1,230",,,,,0,635,"3,651","3,651",,0,0,0,0,0,635,"1,230","1,230","1,190","1,230","1,190","1,230","7,937",,0,0,0,0,0,0,0,0,0,0,0,0,,,0% - 10%,Syneos Health,61 to 90 Days,Other,,2694,382-201-00032,,Non-Priority,New
,60,2690,Non-Priority,BHB-1893-301,Existing,Braveheart Bio, PPD , Not Available in Atom , Cardiovascular ,Non-Vaccine,3,8/2/2026,41,41,"816,000",13%,0%,0,0,13%,"108,800","13,422",0,0,"5,244","8,178","13,422",,0,0,0,0,0,0,0,"2,578","2,667","2,756","2,667","2,756",,,,,0,0,"5,244","8,178",,0,0,0,0,0,0,0,"2,578","2,667","2,756","2,667","2,756","13,422",,0,0,0,0,0,0,0,0,0,0,0,0,,,0% - 10%,PPD,61 to 90 Days,Other,,2690,BHB-1893-301,,Non-Priority,2690
,61,2727,Non-Priority,Unknown,Existing,No Information, IQVIA , Non-Cystic Fibrosis Bronchiectasis ,,Non-Vaccine,1,7/6/2026,10,10,"160,000",30%,0%,0,0,30%,"48,000","17,048",0,0,"8,286","8,762","17,048",,0,0,0,0,0,0,"2,476","2,952","2,857","2,952","2,857","2,952",,,,,0,0,"8,286","8,762",,0,0,0,0,0,0,"2,476","2,952","2,857","2,952","2,857","2,952","17,048",,0,0,0,0,0,0,0,0,0,0,0,0,,,0% - 10%,IQVIA,61 to 90 Days,Other,,2727,Unknown,,Non-Priority,2727
,62,2724,Non-Priority,26-2579,Existing,No Information, ICON , Gout ,General Medicine,Non-Vaccine,4,9/7/2026,60,60,"960,000",30%,0%,0,0,30%,"288,000","66,286",0,0,"13,714","52,571","66,286",,0,0,0,0,0,0,0,0,"13,714","17,714","17,143","17,714",,,,,0,0,"13,714","52,571",,0,0,0,0,0,0,0,0,"13,714","17,714","17,143","17,714","66,286",,0,0,0,0,0,0,0,0,0,0,0,0,,,11% - 30%,ICON,61 to 90 Days,Other,,2724,26-2579,,Non-Priority,2724
,63,2723,Non-Priority,26-2572,Existing,No Information, ICON , Gout ,General Medicine,Non-Vaccine,4,9/7/2026,60,60,"960,000",30%,0%,0,0,30%,"288,000","66,286",0,0,"13,714","52,571","66,286",,0,0,0,0,0,0,0,0,"13,714","17,714","17,143","17,714",,,,,0,0,"13,714","52,571",,0,0,0,0,0,0,0,0,"13,714","17,714","17,143","17,714","66,286",,0,0,0,0,0,0,0,0,0,0,0,0,,,11% - 30%,ICON,61 to 90 Days,Other,,2723,26-2572,,Non-Priority,2723
,64,2716,Non-Priority,D9186C00004/D9186C00005,Existing,AstraZeneca, IQVIA , Non-Cystic Fibrosis Bronchiectasis , Respiratory ,Non-Vaccine,2,9/7/2026,8,8,"128,000",30%,0%,0,0,30%,"38,400","8,838",0,0,"1,829","7,010","8,838",,0,0,0,0,0,0,0,0,"1,829","2,362","2,286","2,362",,,,,0,0,"1,829","7,010",,0,0,0,0,0,0,0,0,"1,829","2,362","2,286","2,362","8,838",,0,0,0,0,0,0,0,0,0,0,0,0,,,11% - 30%,IQVIA,61 to 90 Days,AstraZeneca,,2716,D9186C00004/D9186C00005,,Non-Priority,2716
,65,2707,Non-Priority,222725,Existing,GSK, PPD , COPD ,Respiratory,Non-Vaccine,1,9/7/2026,12,12,"192,000",80%,0%,0,0,80%,"153,600","35,352",0,0,"7,314","28,038","35,352",,0,0,0,0,0,0,0,0,"7,314","9,448","9,143","9,448",,,,,0,0,"7,314","28,038",,0,0,0,0,0,0,0,0,"7,314","9,448","9,143","9,448","35,352",,0,0,0,0,0,0,0,0,0,0,0,0,,,76% - 85%,PPD,61 to 90 Days,GSK,,2707,222725,,Non-Priority,2707
,66,2706,Non-Priority,222714,Existing,GSK, PPD , COPD ,Respiratory,Non-Vaccine,1,9/7/2026,12,12,"192,000",80%,0%,0,0,80%,"153,600","35,352",0,0,"7,314","28,038","35,352",,0,0,0,0,0,0,0,0,"7,314","9,448","9,143","9,448",,,,,0,0,"7,314","28,038",,0,0,0,0,0,0,0,0,"7,314","9,448","9,143","9,448","35,352",,0,0,0,0,0,0,0,0,0,0,0,0,,,76% - 85%,PPD,61 to 90 Days,GSK,,2706,222714,,Non-Priority,2706
,67,2751,Non-Priority,FYU-981-CRYS-202,Existing, Crystalys therapeutics , ICON , Gout ,General Medicine,Non-Vaccine,1,10/2/2026,3,3,"48,000",30%,0%,0,0,30%,"14,400","2,446",0,0,0,"2,446","2,446",,0,0,0,0,0,0,0,0,0,751,834,862,,,,,0,0,0,"2,446",,0,0,0,0,0,0,0,0,0,751,834,862,"2,446",,0,0,0,0,0,0,0,0,0,0,0,0,,,11% - 30%,ICON,0 to 60 Days,Other,,2751,FYU-981-CRYS-202,,Non-Priority,2751
,68,2747,Non-Priority,308532,Existing,GSK,, HIV , Infectious Disease ,Non-Vaccine,1,7/1/2026,2,2,"32,000",30%,0%,0,0,30%,"9,600","3,317",0,0,"1,612","1,705","3,317",,0,0,0,0,0,0,482,575,556,575,556,575,,,,,0,0,"1,612","1,705",,0,0,0,0,0,0,482,575,556,575,556,575,"3,317",,0,0,0,0,0,0,0,0,0,0,0,0,,,11% - 30%,Other,0 to 60 Days,GSK,,2747,308532,,Non-Priority,2747
,69,2746,Priority,D7961C00001,Existing,AstraZeneca,, Dyslipidemia ,Cardiovascular,Non-Vaccine,6,9/4/2026,76,76,"1,216,000",30%,0%,0,0,30%,"364,800","82,469",0,0,"17,063","65,406","82,469",,0,0,0,0,0,0,0,0,"17,063","22,039","21,328","22,039",,,,,0,0,"17,063","65,406",,0,0,0,0,0,0,0,0,"17,063","22,039","21,328","22,039","82,469",,0,0,0,0,0,0,0,0,0,0,0,0,,,76% - 85%,Other,0 to 60 Days,AstraZeneca,,2746,D7961C00001,,2746,2746
,70,2743,Non-Priority,2513T1632,Existing, Shionogi , PPD , COVID-19 Treatment , General Medicine ,Non-Vaccine,2,10/2/2026,24,24,"384,000",30%,0%,0,0,30%,"115,200","19,842",0,0,0,"19,842","19,842",,0,0,0,0,0,0,0,0,0,"6,088","6,764","6,990",,,,,0,0,0,"19,842",,0,0,0,0,0,0,0,0,0,"6,088","6,764","6,990","19,842",,0,0,0,0,0,0,0,0,0,0,0,0,,,11% - 30%,PPD,0 to 60 Days,Other,,2743,2513T1632,,Non-Priority,2743
,71,2741,Non-Priority,300743,Existing,GSK, IQVIA , Asthma ,Respiratory,Non-Vaccine,3,8/3/2026,9,9,"144,000",30%,0%,0,0,30%,"43,200","12,710",0,0,"4,966","7,744","12,710",,0,0,0,0,0,0,0,"2,441","2,525","2,609","2,525","2,609",,,,,0,0,"4,966","7,744",,0,0,0,0,0,0,0,"2,441","2,525","2,609","2,525","2,609","12,710",,0,0,0,0,0,0,0,0,0,0,0,0,,,11% - 30%,IQVIA,0 to 60 Days,GSK,,2741,300743,,Non-Priority,2741
,72,2740,Non-Priority,300742,Existing,, IQVIA , Asthma ,Respiratory,Non-Vaccine,3,8/3/2026,9,9,"144,000",30%,0%,0,0,30%,"43,200","12,710",0,0,"4,966","7,744","12,710",,0,0,0,0,0,0,0,"2,441","2,525","2,609","2,525","2,609",,,,,0,0,"4,966","7,744",,0,0,0,0,0,0,0,"2,441","2,525","2,609","2,525","2,609","12,710",,0,0,0,0,0,0,0,0,0,0,0,0,,,11% - 30%,IQVIA,0 to 60 Days,Other,,2740,300742,,Non-Priority,2740
,73,2774,Non-Priority,NOE115-VMS-202,Existing, Noema Pharma ,, Vasomotor Symptoms ,Endocrine & Metabolism,Non-Vaccine,8,7/14/2026,96,96,"1,536,000",30%,0%,0,0,30%,"460,800","150,857",0,0,"66,743","84,114","150,857",,0,0,0,0,0,0,"10,971","28,343","27,429","28,343","27,429","28,343",,,,,0,0,"66,743","84,114",,0,0,0,0,0,0,"10,971","28,343","27,429","28,343","27,429","28,343","150,857",,0,0,0,0,0,0,0,0,0,0,0,0,,,11% - 30%,Other,0 to 60 Days,Other,,2774,NOE115-VMS-202,,Non-Priority,2774
,74,2765,Priority,NN9489-8035,Existing,Novo Norsdisk,, Type 2 Diabetes ,Endocrine & Metabolism,Non-Vaccine,3,11/10/2026,37,37,"596,000",30%,0%,0,0,30%,"178,800","16,319",0,0,0,"16,319","16,319",,0,0,0,0,0,0,0,0,0,0,"5,321","10,998",,,,,0,0,0,"16,319",,0,0,0,0,0,0,0,0,0,0,"5,321","10,998","16,319",,0,0,0,0,0,0,0,0,0,0,0,0,,,0% - 10%,Other,0 to 60 Days,Other,,2765,NN9489-8035,,2765,2765
,75,2762,Priority,NN9489-8033,Existing,Novo Norsdisk,, Type 2 Diabetes ,Endocrine & Metabolism,Non-Vaccine,3,11/10/2026,54,54,"864,000",30%,0%,0,0,30%,"259,200","23,657",0,0,0,"23,657","23,657",,0,0,0,0,0,0,0,0,0,0,"7,714","15,943",,,,,0,0,0,"23,657",,0,0,0,0,0,0,0,0,0,0,"7,714","15,943","23,657",,0,0,0,0,0,0,0,0,0,0,0,0,,,0% - 10%,Other,0 to 60 Days,Other,,2762,NN9489-8033,,2762,2762
,76,2759,Non-Priority,NBI-1065845-MDD3026,Existing,Neurocrine Biosciences, IQVIA , Major Depressive Disorder ,Psychiatry,Non-Vaccine,1,9/30/2026,0,11,"176,000",5%,0%,0,0,5%,"8,800","1,537",0,0,0,"1,537",0,,0,0,0,0,0,0,0,0,0,471,524,541,,,,,0,0,0,"1,537",,0,0,0,0,0,0,0,0,0,471,524,541,"1,537",,0,0,0,0,0,0,0,0,0,0,0,0,,,0% - 10%,IQVIA,0 to 60 Days,Other,,2759,NBI-1065845-MDD3026,,Non-Priority,2759
,77,2758,Priority,EVO765-MIG001,Existing, Evommune , IQVIA , Migraine ,Psychiatry,Non-Vaccine,2,6/14/2026,110,110,"1,760,000",5%,0%,0,0,5%,"88,000","34,921",0,"2,794","16,063","16,063","34,921",,0,0,0,0,0,"2,794","5,413","5,413","5,238","5,413","5,238","5,413",,,,,0,"2,794","16,063","16,063",,0,0,0,0,0,"2,794","5,413","5,413","5,238","5,413","5,238","5,413","34,921",,0,0,0,0,0,0,0,0,0,0,0,0,,,0% - 10%,IQVIA,0 to 60 Days,Other,,2758,EVO765-MIG001,,2758,2758
,78,2797,Non-Priority,R5713-5715-ALG-2595,New,Regeneron, Parexel , Birch Pollen Allergy ,,Non-Vaccine,1,10/15/2026,8,8,"160,000",85%,0%,0,0,85%,"136,000","19,968",0,0,0,"19,968","19,968",,0,0,0,0,0,0,0,0,0,"3,508","8,095","8,365",,,,,0,0,0,"19,968",,0,0,0,0,0,0,0,0,0,"3,508","8,095","8,365","19,968",,0,0,0,0,0,0,0,0,0,0,0,0,,,11% - 30%,Parexel,0 to 60 Days,Other,,2797,R5713-5715-ALG-2595,,Non-Priority,New
,79,2792,Non-Priority,ASC30-302,New, Ascletis Pharma , PPD , Type 2 Diabetes ,Endocrine & Metabolism,Non-Vaccine,13,8/3/2026,378,378,"6,048,000",30%,0%,0,0,30%,"1,814,400","543,600",0,0,"212,400","331,200","543,600",,0,0,0,0,0,0,0,"104,400","108,000","111,600","108,000","111,600",,,,,0,0,"212,400","331,200",,0,0,0,0,0,0,0,"104,400","108,000","111,600","108,000","111,600","543,600",,0,0,0,0,0,0,0,0,0,0,0,0,,,11% - 30%,PPD,0 to 60 Days,Other,,2792,ASC30-302,,Non-Priority,New
,80,2791,Non-Priority,ASC30-301,New, Ascletis Pharma , PPD , Chronic Weight Management , Endocrine & Metabolism ,Non-Vaccine,13,8/3/2026,608,608,"9,728,000",30%,0%,0,0,30%,"2,918,400","874,362",0,0,"341,638","532,724","874,362",,0,0,0,0,0,0,0,"167,924","173,714","179,505","173,714","179,505",,,,,0,0,"341,638","532,724",,0,0,0,0,0,0,0,"167,924","173,714","179,505","173,714","179,505","874,362",,0,0,0,0,0,0,0,0,0,0,0,0,,,11% - 30%,PPD,0 to 60 Days,Other,,2791,ASC30-301,,Non-Priority,New
,81,2781,Non-Priority,783652,New,, Fortrea , Type 2 Diabetes ,Endocrine & Metabolism,Non-Vaccine,13,11/2/2026,162,162,"2,592,000",30%,0%,0,0,30%,"777,600","92,571",0,0,0,"92,571","92,571",,0,0,0,0,0,0,0,0,0,0,"44,743","47,829",,,,,0,0,0,"92,571",,0,0,0,0,0,0,0,0,0,0,"44,743","47,829","92,571",,0,0,0,0,0,0,0,0,0,0,0,0,,,11% - 30%,Other,0 to 60 Days,Other,,2781,783652,,Non-Priority,New
,82,2782,Non-Priority,783653,New,, Fortrea , Type 2 Diabetes ,Endocrine & Metabolism,Non-Vaccine,14,11/2/2026,174,174,"2,784,000",29%,0%,0,0,29%,"815,314","97,143",0,0,0,"97,143","97,143",,0,0,0,0,0,0,0,0,0,0,"46,952","50,190",,,,,0,0,0,"97,143",,0,0,0,0,0,0,0,0,0,0,"46,952","50,190","97,143",,0,0,0,0,0,0,0,0,0,0,0,0,,,11% - 30%,Other,0 to 60 Days,Other,,2782,783653,,Non-Priority,New
,83,2789,Non-Priority,UAB02022,New,, IQVIA , Rheumatoid Arthritis ,Rheumatology,Non-Vaccine,1,12/6/2026,340,340,"5,440,000",30%,0%,0,0,30%,"1,632,000","80,952",0,0,0,"80,952","80,952",,0,0,0,0,0,0,0,0,0,0,0,"80,952",,,,,0,0,0,"80,952",,0,0,0,0,0,0,0,0,0,0,0,"80,952","80,952",,0,0,0,0,0,0,0,0,0,0,0,0,,,11% - 30%,IQVIA,0 to 60 Days,Other,,2789,UAB02022,,Non-Priority,New
,84,2787,Non-Priority,BC# 150693-01,New,,, Blepharitis , Ophthalmology ,Non-Vaccine,1,7/1/2026,25,25,"400,000",30%,0%,0,0,30%,"120,000","42,619",0,0,"20,714","21,905","42,619",,0,0,0,0,0,0,"6,190","7,381","7,143","7,381","7,143","7,381",,,,,0,0,"20,714","21,905",,0,0,0,0,0,0,"6,190","7,381","7,143","7,381","7,143","7,381","42,619",,0,0,0,0,0,0,0,0,0,0,0,0,,,11% - 30%,Other,0 to 60 Days,Other,,2787,BC# 150693-01,,Non-Priority,New
,85,2809,Non-Priority,150862-01,New,, PPD , Geographic Atrophy , Ophthalmology ,Non-Vaccine,1,7/1/2026,1,1,"16,000",30%,0%,0,0,30%,"4,800","1,705",0,0,829,876,"1,705",,0,0,0,0,0,0,248,295,286,295,286,295,,,,,0,0,829,876,,0,0,0,0,0,0,248,295,286,295,286,295,"1,705",,0,0,0,0,0,0,0,0,0,0,0,0,,,11% - 30%,PPD,0 to 60 Days,Other,,2809,150862-01,,Non-Priority,New
,86,2729,Non-Priority,MRT-8102-002,New, Monte Rosa Therapeutics , PPD , Atherosclerotic cardiovascular disease ,Cardiovascular,Non-Vaccine,2,7/1/2026,18,18,"288,000",55%,0%,0,0,55%,"158,400","64,781",0,0,"31,486","33,295","64,781",,0,0,0,0,0,0,"9,410","11,219","10,857","11,219","10,857","11,219",,,,,0,0,"31,486","33,295",,0,0,0,0,0,0,"9,410","11,219","10,857","11,219","10,857","11,219","64,781",,0,0,0,0,0,0,0,0,0,0,0,0,,,11% - 30%,PPD,0 to 60 Days,Other,,2729,MRT-8102-002,,Non-Priority,New
,87,2788,Non-Priority,ACP-204-006,New,Acadia Pharmaceuticals Inc, PPD , Alzheimer's Disease ,Psychiatry,Non-Vaccine,1,7/1/2026,6,6,"96,000",5%,5%,"96,000","-1,705",0%,0,0,0,0,0,0,0,,0,0,0,0,0,0,0,0,0,0,0,0,,,,,0,0,829,876,,0,0,0,0,0,0,248,295,286,295,286,295,"1,705",,0,0,0,0,0,0,-248,-295,-286,-295,-286,-295,,,0% - 10%,PPD,0 to 60 Days,Other,,2788,ACP-204-006,,Non-Priority,New
,88,2731,Non-Priority,YN001-203,New, Beijing Inno Medicine , Fortrea , Atherosclerotic cardiovascular disease ,Cardiovascular,Non-Vaccine,1,6/15/2026,30,30,"600,000",85%,0%,0,0,85%,"510,000","202,381",0,"16,190","93,095","93,095","202,381",,0,0,0,0,0,"16,190","31,369","31,369","30,357","31,369","30,357","31,369",,,,,0,"16,190","93,095","93,095",,0,0,0,0,0,"16,190","31,369","31,369","30,357","31,369","30,357","31,369","202,381",,0,0,0,0,0,0,0,0,0,0,0,0,,,0% - 10%,Other,0 to 60 Days,Other,,2731,YN001-203,,Non-Priority,New