,,,,,,,,,,,,,,,,,0,0,,,,,,,,,,ACT,ACT,ACT,ACT,ACT,FCST,FCST,FCST,FCST,FCST,FCST,FCST,,,,,,,,,,TRUE,TRUE,TRUE,TRUE,TRUE,TRUE,TRUE,TRUE,TRUE,TRUE,TRUE,TRUE,,,,,,,,,,,,,,,,,,,,,,,,
,,OK,,,,,,,,,Loaded,,,"38,573,822",70.30%,,,,,,"27,118,423",,,,,,,"1,170,140","2,390,168","4,487,454","4,323,448","3,628,087","1,879,867","1,927,315","1,625,770","1,483,780","1,629,794","1,318,072","1,254,527",,,,,"8,047,762","8,624,036","4,418,304","3,686,310",,"1,170,140","2,390,168","4,487,454","3,792,498","3,182,533","1,649,006","1,690,628","1,426,114","1,301,562","1,429,644","1,156,204","1,100,463","24,776,412",,0,0,0,0,0,0,0,0,0,0,0,0,,,,,,OK,,,,
,,,,,,,,,,,Unloaded,"2,401","1,929","33,836,686",,,0,0,,,"24,776,412","8,047,762","8,624,036","4,418,304","3,686,310",,,"1,170,140","2,390,168","4,487,454","3,792,498","3,182,533","1,649,006","1,690,628","1,426,114","1,301,562","1,429,644","1,156,204","1,100,463",,,,,"8,047,762","8,624,036","4,418,304","3,686,310",,"1,170,140","2,390,168","4,487,454","3,792,498","3,182,533","1,649,006","1,690,628","1,426,114","1,301,562","1,429,644","1,156,204","1,100,463","24,776,412",,0,0,0,0,0,0,0,0,0,0,0,0,,,,,,,,,,
,S.No,Lead ID,Priority / Non-Priority,Protocol,Sponsor / CRO,CRO,Indication,Therapeutic area,Category,Opportunity Count,FPFV,Sponsor Goals,Finance Goals,Full Contract Value,Avg CL%,Risk Adjustment,Total Reserve,2026 impact,Risk Adjusted CL%,,Revenue 2026,Q1 2026,Q2 2026,Q3 2026,Q4 2026,,,Jan 2026,Feb 2026,Mar 2026,Apr 2026,May 2026,Jun 2026,Jul 2026,Aug 2026,Sep 2026,Oct 2026,Nov 2026,Dec 2026,,,,,Q1 2026,Q2 2026,Q3 2026,Q4 2026,,Jan 2026,Feb 2026,Mar 2026,Apr 2026,May 2026,Jun 2026,Jul 2026,Aug 2026,Sep 2026,Oct 2026,Nov 2026,Dec 2026,Total,,Jan 2026,Feb 2026,Mar 2026,Apr 2026,May 2026,Jun 2026,Jul 2026,Aug 2026,Sep 2026,Oct 2026,Nov 2026,Dec 2026,Total,,,CRO Helper,Sponsor Helper,Lead Need to Add,CHECK,Protocol,,
,1,313,Non-Priority,BHV3000-315,Biohaven,Synteract,Migraine,Psychiatry,Non-Vaccine,1,8/23/2022,5,2,"120,659",100%,0%,0,0,100%,,"40,799",0,"10,024","18,093","12,682","79,860",,0,0,0,0,0,"10,024","6,000","6,890","5,203","4,560","4,130","3,992",,,,,0,"10,024","18,093","12,682",,0,0,0,0,0,"10,024","6,000","6,890","5,203","4,560","4,130","3,992","40,799",,0,0,0,0,0,0,0,0,0,0,0,0,0,,,Other,Other,,313,BHV3000-315,0,Non-Priority
,2,312,Non-Priority,3110-306-002,Abbvie,None,Migraine,Psychiatry,Non-Vaccine,1,1/30/2023,5,4,"122,147",100%,0%,0,0,100%,,"24,490",0,"1,316","9,641","13,534","97,657",,0,0,0,0,0,"1,316",0,"7,886","1,754","4,041","7,299","2,193",,,,,0,"1,316","9,641","13,534",,0,0,0,0,0,"1,316",0,"7,886","1,754","4,041","7,299","2,193","24,490",,0,0,0,0,0,0,0,0,0,0,0,0,,,,Other,Other,,312,3110-306-002,0,Non-Priority
,3,291,Non-Priority,3110-305-002,Abbvie,None,Migraine,Psychiatry,Non-Vaccine,1,7/12/2022,18,3,"74,490",100%,0%,0,0,100%,,"16,311",0,"3,201","6,789","6,320","58,180",,0,0,0,0,0,"3,201",0,"3,837","2,952",517,"3,869","1,935",,,,,0,"3,201","6,789","6,320",,0,0,0,0,0,"3,201",0,"3,837","2,952",517,"3,869","1,935","16,311",,0,0,0,0,0,0,0,0,0,0,0,0,,,,Other,Other,,291,3110-305-002,0,Non-Priority
,4,1289,Non-Priority,ITI-007-505,Intra-Cellular Therapies,IQVIA,Major Depressive Disorder,Psychiatry,Non-Vaccine,1,5/3/2023,10,15,"365,971",100%,0%,0,0,100%,,"207,894",0,0,"55,665","152,229","158,077",,0,0,0,0,0,0,0,"14,460","41,205","59,347","49,783","43,099",,,,,0,0,"55,665","152,229",,0,0,0,0,0,0,0,"14,460","41,205","59,347","49,783","43,099","207,894",,0,0,0,0,0,0,0,0,0,0,0,0,,,,IQVIA,Other,,1289,ITI-007-505,0,Non-Priority
,5,1853,Non-Priority,42847922MDD3003,Janssen,(No Info),Major Depressive Disorder,Psychiatry,Non-Vaccine,1,8/20/2024,5,4,"138,768",100%,0%,0,0,100%,,"11,575","11,517",58,0,0,"127,193",,-42,0,"11,559",48,10,0,0,0,0,0,0,0,,,,,"11,517",58,0,0,,-42,0,"11,559",48,10,0,0,0,0,0,0,0,"11,575",,0,0,0,0,0,0,0,0,0,0,0,0,,,,Other,Other,,1853,42847922MDD3003,-42,Non-Priority
,6,1976,Non-Priority,ALTO-100-211,Alto Neuroscience,(No Info),Depression,Psychiatry,Non-Vaccine,1,10/23/2024,5,1,"37,604",100%,0%,0,0,100%,,"19,049",0,0,"9,367","9,683","18,555",,0,0,0,0,0,0,0,"5,420","3,947","3,754","2,264","3,665",,,,,0,0,"9,367","9,683",,0,0,0,0,0,0,0,"5,420","3,947","3,754","2,264","3,665","19,049",,0,0,0,0,0,0,0,0,0,0,0,0,,,,Other,Other,,1976,ALTO-100-211,0,Non-Priority
,7,1724,Non-Priority,VNS 20-001,GSK,IQVIA,Varicella,Vaccine-Other,Vaccine,1,1/15/2025,16,6,"32,219",100%,0%,0,0,100%,,"2,888","2,888",0,0,0,"29,331",,732,-40,"2,196",0,0,0,0,0,0,0,0,0,,,,,"2,888",0,0,0,,732,-40,"2,196",0,0,0,0,0,0,0,0,0,"2,888",,0,0,0,0,0,0,0,0,0,0,0,0,,,,IQVIA,GSK,,1724,VNS 20-001,732,Non-Priority
,8,2009,Non-Priority,77242113PSA3002,Janssen,(No Info),Psoriatic Arthritis,Rheumatology,Non-Vaccine,1,3/12/2025,5,3,"166,716",100%,0%,0,0,100%,,"53,501","22,610","13,308","8,010","9,573","113,215",,"10,546","5,279","6,785","5,619","4,837","2,852","1,917","1,917","4,176","3,019","4,936","1,618",,,,,"22,610","13,308","8,010","9,573",,"10,546","5,279","6,785","5,619","4,837","2,852","1,917","1,917","4,176","3,019","4,936","1,618","53,501",,0,0,0,0,0,0,0,0,0,0,0,0,0,,,Other,Other,,2009,77242113PSA3002,10546,Non-Priority
,9,2012,Non-Priority,FpA-AS-30093,Teva Pharmaceuticals,PPD,Asthma,Respiratory,Non-Vaccine,1,3/10/2025,12,2,"39,579",100%,0%,0,0,100%,,"10,594",0,"3,041","7,553",0,"28,984",,0,0,0,0,0,"3,041","6,750",803,0,0,0,0,,,,,0,"3,041","7,553",0,,0,0,0,0,0,"3,041","6,750",803,0,0,0,0,"10,594",,0,0,0,0,0,0,0,0,0,0,0,0,,,,PPD,Other,,2012,FpA-AS-30093,0,Non-Priority
,10,2053,Non-Priority,M25-056,Abbvie,(No Info),Rheumatoid Arthritis,Rheumatology,Non-Vaccine,2,5/5/2026,6,11,"284,378",100%,0%,0,0,100%,,"240,962","48,369","123,417","47,889","21,288","43,416",,"23,615","14,009","10,745","79,173","36,211","8,034","18,674","17,686","11,529","10,346","5,727","5,215",,,,,"48,369","123,417","47,889","21,288",,"23,615","14,009","10,745","79,173","36,211","8,034","18,674","17,686","11,529","10,346","5,727","5,215","240,962",,0,0,0,0,0,0,0,0,0,0,0,0,,,,Other,Other,,2053,M25-056,23615,Non-Priority
,11,2132,Non-Priority,FYU-981-CRYS-301,Crystal therapeutics,ICON,Gout,General Medicine,Non-Vaccine,2,12/17/2025,10,2,"130,005",100%,0%,0,0,100%,,"78,225","20,464","14,532","23,007","20,222","51,780",,67,"7,547","12,850","-2,757","2,764","14,525","10,744","7,553","4,710","6,535","7,349","6,338",,,,,"20,464","14,532","23,007","20,222",,67,"7,547","12,850","-2,757","2,764","14,525","10,744","7,553","4,710","6,535","7,349","6,338","78,225",,0,0,0,0,0,0,0,0,0,0,0,0,,,,ICON,Other,,2132,FYU-981-CRYS-301,67,Non-Priority
,12,2126,Non-Priority,DQB104CT,Chugai,IQVIA,Celiac Disease,Gastroenterology,Non-Vaccine,1,4/10/2026,2,1,"39,823",100%,0%,0,0,100%,,"55,593","21,500","12,320","9,699","12,074","-15,770",,0,0,"21,500",0,0,"12,320","4,611","2,544","2,544","5,088","2,544","4,442",,,,,"21,500","12,320","9,699","12,074",,0,0,"21,500",0,0,"12,320","4,611","2,544","2,544","5,088","2,544","4,442","55,593",,0,0,0,0,0,0,0,0,0,0,0,0,,,,IQVIA,Other,,2126,DQB104CT,0,Non-Priority
,13,2134,Non-Priority,1378-0018,Boehringer Ingelheim,(No Info),Heart Failure,Cardiovascular,Non-Vaccine,1,7/24/2025,7,5,"173,534",100%,0%,0,0,100%,,"56,249","5,132","9,758","28,285","13,074","117,285",,488,"4,522",122,"9,758",0,0,"9,097","8,149","11,039","4,740","5,025","3,309",,,,,"5,132","9,758","28,285","13,074",,488,"4,522",122,"9,758",0,0,"9,097","8,149","11,039","4,740","5,025","3,309","56,249",,0,0,0,0,0,0,0,0,0,0,0,0,,,,Other,Other,,2134,1378-0018,488,Non-Priority
,14,1888,Non-Priority,D6973C00001,AstraZeneca,(No Info),Cardiovascular Disease,Cardiovascular,Non-Vaccine,3,12/29/2025,50,50,"1,154,300",100%,0%,0,0,100%,,"690,072","145,061","161,520","236,302","147,188","464,228",,"48,475","37,651","58,935","52,978","58,363","50,178","76,497","88,049","71,756","60,294","49,919","36,975",,,,,"145,061","161,520","236,302","147,188",,"48,475","37,651","58,935","52,978","58,363","50,178","76,497","88,049","71,756","60,294","49,919","36,975","690,072",,0,0,0,0,0,0,0,0,0,0,0,0,0,,,Other,AstraZeneca,,1888,D6973C00001,48475,Non-Priority
,15,2073,Non-Priority,GS-US-667-6882,Gilead Sciences,IQVIA,Rheumatoid Arthritis,Rheumatology,Non-Vaccine,1,6/2/2025,5,1,"122,644",100%,0%,0,0,100%,,"155,233","56,484","66,758","26,805","5,186","-32,589",,"16,088","24,455","15,941","23,430","28,776","14,552","10,320","9,807","6,678","2,458","2,728",0,,,,,"56,484","66,758","26,805","5,186",,"16,088","24,455","15,941","23,430","28,776","14,552","10,320","9,807","6,678","2,458","2,728",0,"155,233",,0,0,0,0,0,0,0,0,0,0,0,0,0,,,IQVIA,Other,,2073,GS-US-667-6882,16088,Non-Priority
,16,2098,Non-Priority,MK7240-013,Merck,(No Info),Ankylosing Spondylitis,General Medicine,Non-Vaccine,1,12/15/2025,4,4,"219,149",100%,0%,0,0,100%,,"128,967","8,654","71,992","31,711","16,611","90,182",,0,"4,158","4,496",700,"57,432","13,860","10,129","14,724","6,858","6,858","3,167","6,586",,,,,"8,654","71,992","31,711","16,611",,0,"4,158","4,496",700,"57,432","13,860","10,129","14,724","6,858","6,858","3,167","6,586","128,967",,0,0,0,0,0,0,0,0,0,0,0,0,,,,Other,Other,,2098,MK7240-013,0,Non-Priority
,17,2115,Non-Priority,D7960C00015,AstraZeneca,IQVIA,Dyslipidemia,Cardiovascular,Non-Vaccine,9,5/1/2026,116,127,"2,399,851",100%,0%,0,0,100%,,"1,328,602","191,062","376,949","405,701","354,890","1,071,250",,"49,523","74,297","67,242","133,575","140,913","102,461","147,877","114,611","143,213","124,044","112,606","118,240",,,,,"191,062","376,949","405,701","354,890",,"49,523","74,297","67,242","133,575","140,913","102,461","147,877","114,611","143,213","124,044","112,606","118,240","1,328,602",,0,0,0,0,0,0,0,0,0,0,0,0,,,,IQVIA,AstraZeneca,,2115,D7960C00015,49523,Non-Priority
,18,2211,Non-Priority,WA45846,Roche,IQVIA,Rheumatoid Arthritis,Rheumatology,Non-Vaccine,1,11/17/2025,3,6,"101,172",100%,0%,0,0,100%,,"113,331","35,928","46,968","28,549","1,886","-12,159",,"10,514","12,400","13,014","17,263","17,882","11,823","11,823","10,795","5,931","1,886",0,0,,,,,"35,928","46,968","28,549","1,886",,"10,514","12,400","13,014","17,263","17,882","11,823","11,823","10,795","5,931","1,886",0,0,"113,331",,0,0,0,0,0,0,0,0,0,0,0,0,,,,IQVIA,Other,,2211,WA45846,10514,Non-Priority
,19,2242,Non-Priority,PARA_OA_012,Paradigm Biopharmaceuticals,Advanced Clinical ((Advanced Clinical)),Osteoarthritis,Rheumatology,Non-Vaccine,1,11/10/2025,12,20,"497,087",100%,0%,0,0,100%,,"548,073","120,856","263,122","127,158","36,936","-50,985",,"25,886","42,713","52,257","71,465","157,540","34,118","71,916","38,246","16,997","14,837","11,333","10,766",,,,,"120,856","263,122","127,158","36,936",,"25,886","42,713","52,257","71,465","157,540","34,118","71,916","38,246","16,997","14,837","11,333","10,766","548,073",,0,0,0,0,0,0,0,0,0,0,0,0,,,,Other,Other,,2242,PARA_OA_012,25886,Non-Priority
,20,2244,Non-Priority,IMVT-1402-2503,Immuvonant Sciences GmbH,(No Info),Graves Diseases,General Medicine,Non-Vaccine,1,10/21/2025,3,1,"45,993",100%,0%,0,0,100%,,"46,419","23,900","13,150","9,370",0,-426,,100,"14,469","9,331","5,426","5,402","2,322","2,896","3,564","2,910",0,0,0,,,,,"23,900","13,150","9,370",0,,100,"14,469","9,331","5,426","5,402","2,322","2,896","3,564","2,910",0,0,0,"46,419",,0,0,0,0,0,0,0,0,0,0,0,0,,,,Other,Other,,2244,IMVT-1402-2503,100,Non-Priority
,21,2287,Non-Priority,NN9838-4968,Novo Norsdisk,(No Info),Obesity,Obesity,Non-Vaccine,1,1/8/2026,5,7,"787,574",100%,0%,0,0,100%,,"321,358",0,"120,806","131,832","68,720","466,215",,0,0,0,"77,837","31,853","11,116","28,224","40,843","62,766","38,056","16,921","13,743",,,,,0,"120,806","131,832","68,720",,0,0,0,"77,837","31,853","11,116","28,224","40,843","62,766","38,056","16,921","13,743","321,358",,0,0,0,0,0,0,0,0,0,0,0,0,,,,Other,Other,,2287,NN9838-4968,0,Non-Priority
,22,2304,Non-Priority,VP-VYV-683-3102,Vanda Pharmaceuticals Inc,(No Info),Schizophrenia,Psychiatry,Non-Vaccine,1,12/9/2025,6,3,"65,397",100%,0%,0,0,100%,,"78,464","17,000",0,"20,950","40,514","-13,067",,0,"17,000",0,0,0,0,0,"8,545","12,406","19,488","10,597","10,429",,,,,"17,000",0,"20,950","40,514",,0,"17,000",0,0,0,0,0,"8,545","12,406","19,488","10,597","10,429","78,464",,0,0,0,0,0,0,0,0,0,0,0,0,,,,Other,Other,,2304,VP-VYV-683-3102,0,Non-Priority
,23,2307,Non-Priority,GSBR-1290-10,"Gasherbrum Bio, Inc.",IQVIA,Obesity,Obesity,Non-Vaccine,1,1/21/2026,3,1,"33,092",100%,0%,0,0,100%,,"34,096","22,924","11,172",0,0,"-1,004",,"4,267","3,708","14,949","4,877",111,"6,184",0,0,0,0,0,0,,,,,"22,924","11,172",0,0,,"4,267","3,708","14,949","4,877",111,"6,184",0,0,0,0,0,0,"34,096",,0,0,0,0,0,0,0,0,0,0,0,0,,,,IQVIA,Other,,2307,GSBR-1290-10,4267,Non-Priority
,24,2298,Non-Priority,VP-VHX-896-3201,Vanda Pharmaceuticals Inc,(No Info),Major Depressive Disorder,Psychiatry,Non-Vaccine,1,12/1/2025,16,7,"242,791",100%,0%,0,0,100%,,"171,573","17,469","51,027","25,519","77,558","71,218",,"3,714","-3,714","17,469","39,240","9,779","2,008","1,142","5,865","18,512","26,181","28,094","23,283",,,,,"17,469","51,027","25,519","77,558",,"3,714","-3,714","17,469","39,240","9,779","2,008","1,142","5,865","18,512","26,181","28,094","23,283","171,573",,0,0,0,0,0,0,0,0,0,0,0,0,,,,Other,Other,,2298,VP-VHX-896-3201,3714,Non-Priority
,25,2168,Non-Priority,301160,GSK,IQVIA,MASH,Endocrine & Metabolism,Non-Vaccine,2,6/28/2026,14,10,"1,035,200",100%,0%,0,0,100%,,"176,988","81,246","-10,133","39,793","66,082","858,212",,"20,250","27,315","33,681","-15,588","3,380","2,075","11,685","10,879","17,229","16,179","21,270","28,633",,,,,"81,246","-10,133","39,793","66,082",,"20,250","27,315","33,681","-15,588","3,380","2,075","11,685","10,879","17,229","16,179","21,270","28,633","176,988",,0,0,0,0,0,0,0,0,0,0,0,0,,,,IQVIA,GSK,,2168,301160,20250,Non-Priority
,26,2169,Non-Priority,306246,No Information,IQVIA,MASH,Endocrine & Metabolism,Non-Vaccine,2,6/3/2026,9,11,"354,178",100%,0%,0,0,100%,,"130,640","20,250","7,652","32,170","70,568","223,538",,"20,250",0,0,0,0,"7,652","6,832","14,699","10,639","15,734","26,229","28,605",,,,,"20,250","7,652","32,170","70,568",,"20,250",0,0,0,0,"7,652","6,832","14,699","10,639","15,734","26,229","28,605","130,640",,0,0,0,0,0,0,0,0,0,0,0,0,,,,IQVIA,Other,,2169,306246,20250,Non-Priority
,27,2507,Non-Priority,2019nCoV-420,Novavax,ICON,COVID-19,Vaccine-COVID,Vaccine,1,12/4/2025,93,104,"397,570",100%,0%,0,0,100%,,"327,386","131,882","159,054","25,920","10,530","70,184",,"43,592","40,947","47,343","110,454","24,300","24,300","14,985","5,265","5,670","10,530",0,0,,,,,"131,882","159,054","25,920","10,530",,"43,592","40,947","47,343","110,454","24,300","24,300","14,985","5,265","5,670","10,530",0,0,"327,386",,0,0,0,0,0,0,0,0,0,0,0,0,,,,ICON,Other,,2507,2019nCoV-420,43592,Non-Priority
,28,2133,Non-Priority,FYU-981-CRYS-302,Crystal therapeutics,ICON,Gout,General Medicine,Non-Vaccine,1,12/5/2025,3,0,"3,380",100%,0%,0,0,100%,,"4,938","1,558","3,380",0,0,"-1,558",,"1,550",8,0,0,"3,380",0,0,0,0,0,0,0,,,,,"1,558","3,380",0,0,,"1,550",8,0,0,"3,380",0,0,0,0,0,0,0,"4,938",,0,0,0,0,0,0,0,0,0,0,0,0,,,,ICON,Other,,2133,FYU-981-CRYS-302,1550,Non-Priority
,29,2187,Non-Priority,C4771002,Pfizer,(No Info),Clostridium Difficile,Vaccine-Other,Vaccine,5,2/11/2026,832,423,"4,490,705",100%,0%,0,0,100%,,"2,054,287","124,886","504,504","609,643","815,254","2,436,418",,"50,105","36,127","38,654","86,908","235,097","182,499","198,614","208,764","202,264","256,036","275,190","284,028",,,,,"124,886","504,504","609,643","815,254",,"50,105","36,127","38,654","86,908","235,097","182,499","198,614","208,764","202,264","256,036","275,190","284,028","2,054,287",,0,0,0,0,0,0,0,0,0,0,0,0,,,,Other,Pfizer,,2187,C4771002,50105,Non-Priority
,30,2552,Non-Priority,J3R-MC-YDAF,Eli Lilly,(No Info),Obesity,Obesity,Non-Vaccine,1,2/12/2026,16,5,"266,048",100%,0%,0,0,100%,,"271,557","64,485","122,212","45,350","39,510","-5,510",,0,"12,644","51,841","46,297","62,595","13,320","14,560","15,080","15,710","15,700","12,350","11,460",,,,,"64,485","122,212","45,350","39,510",,0,"12,644","51,841","46,297","62,595","13,320","14,560","15,080","15,710","15,700","12,350","11,460","271,557",,0,0,0,0,0,0,0,0,0,0,0,0,,,,Other,Other,,2552,J3R-MC-YDAF,0,Non-Priority
,31,2217,Non-Priority,K9531-3103 (OAB58025),Kailera Therapeutics,IQVIA,Obesity,Obesity,Non-Vaccine,1,12/22/2025,10,33,"1,092,104",100%,0%,0,0,100%,,"711,907","129,104","229,841","199,720","153,242","380,197",,"32,843","50,812","45,449","46,706","135,068","48,067","66,323","71,939","61,458","58,718","42,437","52,087",,,,,"129,104","229,841","199,720","153,242",,"32,843","50,812","45,449","46,706","135,068","48,067","66,323","71,939","61,458","58,718","42,437","52,087","711,907",,0,0,0,0,0,0,0,0,0,0,0,0,,,,IQVIA,Other,,2217,K9531-3103 (OAB58025),32843,Non-Priority
,32,2218,Non-Priority,K9531-3104 (PAB77690),Kailera Therapeutics,IQVIA,Obesity,Obesity,Non-Vaccine,2,3/12/2026,29,9,"394,999",100%,0%,0,0,100%,,"291,690","83,806","105,924","50,459","51,501","103,309",,"28,900","39,946","14,960","22,936","62,706","20,282","16,690","17,902","15,867","13,166","18,982","19,353",,,,,"83,806","105,924","50,459","51,501",,"28,900","39,946","14,960","22,936","62,706","20,282","16,690","17,902","15,867","13,166","18,982","19,353","291,690",,0,0,0,0,0,0,0,0,0,0,0,0,,,,IQVIA,Other,,2218,K9531-3104 (PAB77690),28900,Non-Priority
,33,2291,Non-Priority,VP-VQW-765-3201,Vanda Pharmaceuticals Inc,None,SAD/MAD,Psychiatry,Non-Vaccine,1,2/17/2026,16,7,"48,473",100%,0%,0,0,100%,,"50,394","11,700",0,"28,654","10,040","-1,921",,"11,700",0,0,0,0,0,0,"12,874","15,780","6,921","3,119",0,,,,,"11,700",0,"28,654","10,040",,"11,700",0,0,0,0,0,0,"12,874","15,780","6,921","3,119",0,"50,394",,0,0,0,0,0,0,0,0,0,0,0,0,,,,Other,Other,,2291,VP-VQW-765-3201,11700,Non-Priority
,34,2513,Non-Priority,K9531-3107,Kailera Therapeutics,IQVIA,Obesity,Obesity,Non-Vaccine,1,2/18/2026,10,24,"739,151",100%,0%,0,0,100%,,"452,224","18,965","202,688","125,095","105,476","286,927",,"16,787",0,"2,178","114,965","34,952","52,771","55,747","34,193","35,155","36,459","29,429","39,588",,,,,"18,965","202,688","125,095","105,476",,"16,787",0,"2,178","114,965","34,952","52,771","55,747","34,193","35,155","36,459","29,429","39,588","452,224",,0,0,0,0,0,0,0,0,0,0,0,0,,,,IQVIA,Other,,2513,K9531-3107,16787,Non-Priority
,35,2544,Non-Priority,VYD2311-PREV-002,Ichnos Sciences,(No Info),COVID-19,Vaccine-COVID,Vaccine,7,1/22/2026,785,787,"10,571,406",100%,0%,0,0,100%,,"10,774,915","6,084,558","4,142,877","547,480",0,"-203,509",,"750,190","1,887,415","3,446,953","2,204,416","1,366,921","571,540","402,322","130,072","15,086",0,0,0,,,,,"6,084,558","4,142,877","547,480",0,,"750,190","1,887,415","3,446,953","2,204,416","1,366,921","571,540","402,322","130,072","15,086",0,0,0,"10,774,915",,0,0,0,0,0,0,0,0,0,0,0,0,,,,Other,Ichnos Sciences,,2544,VYD2311-PREV-002,750190,Non-Priority
,36,2214,Non-Priority,D9640C00003,AstraZeneca,None,Rheumatoid Arthritis,Rheumatology,Non-Vaccine,1,4/1/2026,13,9,"405,973",100%,0%,0,0,100%,,"245,912","13,050","53,460","57,131","122,271","160,061",,0,0,"13,050",0,"38,573","14,887","7,443","23,035","26,652","40,604","37,601","44,066",,,,,"13,050","53,460","57,131","122,271",,0,0,"13,050",0,"38,573","14,887","7,443","23,035","26,652","40,604","37,601","44,066","245,912",,0,0,0,0,0,0,0,0,0,0,0,0,,,,Other,AstraZeneca,,2214,D9640C00003,0,Non-Priority
,37,2294,Non-Priority,WC45726(CT-388-106),Roche,ICON,Obesity,Obesity,Non-Vaccine,1,5/1/2026,10,10,"396,488",100%,0%,0,0,100%,,"199,123",0,"67,520","55,026","76,577","197,365",,0,0,0,"23,455","39,940","4,125","15,876","16,843","22,307","18,799","26,580","31,198",,,,,0,"67,520","55,026","76,577",,0,0,0,"23,455","39,940","4,125","15,876","16,843","22,307","18,799","26,580","31,198","199,123",,0,0,0,0,0,0,0,0,0,0,0,0,,,,ICON,Other,,2294,WC45726(CT-388-106),0,Non-Priority
,38,2515,Non-Priority,NN9490-8293,Novo Norsdisk,None,Obstructive Sleep Apnea,Psychiatry,Non-Vaccine,1,6/1/2026,5,5,"268,905",100%,0%,0,0,100%,,"268,905",0,"41,898","204,600","22,408",0,,0,0,0,0,0,"41,898","74,061","83,475","47,064","22,408",0,0,,,,,0,"41,898","204,600","22,408",,0,0,0,0,0,"41,898","74,061","83,475","47,064","22,408",0,0,"268,905",,0,0,0,0,0,0,0,0,0,0,0,0,,,,Other,Other,,2515,NN9490-8293,0,Non-Priority
,39,2603,Non-Priority,821P203,Supernus Pharmaceuticals, Clinical Research Corp. (CRC) , Major Depressive Disorder ,Psychiatry,Non-Vaccine,1,3/5/2026,3,7,"156,608",100%,0%,0,0,100%,,"186,920","17,600","39,297","53,327","76,697","-30,312",,0,0,"17,600","27,737","11,560",0,0,"15,508","37,819","42,305","23,314","11,078",,,,,"17,600","39,297","53,327","76,697",,0,0,"17,600","27,737","11,560",0,0,"15,508","37,819","42,305","23,314","11,078","186,920",,0,0,0,0,0,0,0,0,0,0,0,0,,,,Other,Other,,2603,821P203,0,Non-Priority
,40,2594,Non-Priority,V2000103,Veru, Worldwide Clinical Trials , Obesity ,Obesity,Non-Vaccine,2,3/20/2026,40,34,"1,968,499",100%,0%,0,0,100%,,"976,657","74,632","318,505","311,256","272,264","991,842",,0,0,"74,632","81,664","141,060","95,781","127,616","99,801","83,839","85,881","79,986","106,397",,,,,"74,632","318,505","311,256","272,264",,0,0,"74,632","81,664","141,060","95,781","127,616","99,801","83,839","85,881","79,986","106,397","976,657",,0,0,0,0,0,0,0,0,0,0,0,0,,,,Worldwide Clinical Trials,Other,,2594,V2000103,0,Non-Priority
,41,2633,Non-Priority,C6481001,Pfizer, Unknown , Influenza ,Vaccine-Influenza,Vaccine,2,3/17/2026,82,104,"715,326",100%,0%,0,0,100%,,"761,276","269,315","328,903",0,"163,058","-45,950",,0,0,"269,315","274,911","53,991",0,0,0,0,"148,671","14,387",0,,,,,"269,315","328,903",0,"163,058",,0,0,"269,315","274,911","53,991",0,0,0,0,"148,671","14,387",0,"761,276",,0,0,0,0,0,0,0,0,0,0,0,0,,,,Other,Pfizer,,2633,C6481001,0,Non-Priority
,42,2558,Non-Priority,TRS-018,Tarsus, Allucent , Lyme ,Vaccine-Other,Vaccine,2,3/20/2026,75,47,"2,634,349",100%,0%,0,0,100%,,"2,010,404","83,920","792,967","644,326","489,191","623,945",,0,"21,500","62,420","188,563","384,498","219,905","218,481","216,676","209,170","209,865","176,577","102,749",,,,,"83,920","792,967","644,326","489,191",,0,"21,500","62,420","188,563","384,498","219,905","218,481","216,676","209,170","209,865","176,577","102,749","2,010,404",,0,0,0,0,0,0,0,0,0,0,0,0,,,,Allucent,Other,,2558,TRS-018,0,Non-Priority
,43,2646,Non-Priority,K9531-2110,Kailera Therapeutics, IQVIA ,, Endocrine & Metabolism ,Non-Vaccine,1,3/1/2026,15,4,"155,184",100%,0%,0,0,100%,,"135,784","16,787","73,258","23,690","22,049","19,400",,0,0,"16,787","29,991","28,176","15,091","8,213","6,982","8,495","6,052","8,761","7,236",,,,,"16,787","73,258","23,690","22,049",,0,0,"16,787","29,991","28,176","15,091","8,213","6,982","8,495","6,052","8,761","7,236","135,784",,0,0,0,0,0,0,0,0,0,0,0,0,,,,IQVIA,Other,,2646,K9531-2110,0,Non-Priority
,44,2647,Non-Priority,TTP399-302,vTv Therapeutics, Medpace , Type 1 Diabetes ,Endocrine & Metabolism,Non-Vaccine,1,3/16/2026,8,2,"80,520",100%,0%,0,0,100%,,"84,314","18,200","25,277","28,418","12,419","-3,794",,0,0,"18,200","7,117","2,742","15,419","14,632","3,395","10,391","3,437","6,047","2,936",,,,,"18,200","25,277","28,418","12,419",,0,0,"18,200","7,117","2,742","15,419","14,632","3,395","10,391","3,437","6,047","2,936","84,314",,0,0,0,0,0,0,0,0,0,0,0,0,,,,Other,Other,,2647,TTP399-302,0,Non-Priority
,45,2678,Non-Priority,FYU-981-CRYS-201, Crystalys therapeutics , ICON , Gout ,General Medicine,Non-Vaccine,1,5/1/2026,0,2,"61,862",100%,0%,0,0,100%,,"55,770",0,"22,208","22,161","11,401","6,093",,0,0,0,"14,985",0,"7,223","10,524","6,602","5,036","3,470","3,470","4,462",,,,,0,"22,208","22,161","11,401",,0,0,0,"14,985",0,"7,223","10,524","6,602","5,036","3,470","3,470","4,462","55,770",,0,0,0,0,0,0,0,0,0,0,0,0,,,,ICON,Other,,2678,FYU-981-CRYS-201,0,Non-Priority
,46,2548,Non-Priority,ELV001-201,Eisai,Novotech,Rheumatoid Arthritis,Rheumatology,Non-Vaccine,2,6/23/2026,4,6,"204,816",100%,0%,0,0,100%,,"170,102","30,000","18,306","46,190","75,606","34,714",,0,"15,000","15,000","8,350","1,720","8,236","7,406","19,940","18,844","22,662","22,185","30,759",,,,,"30,000","18,306","46,190","75,606",,0,"15,000","15,000","8,350","1,720","8,236","7,406","19,940","18,844","22,662","22,185","30,759","170,102",,0,0,0,0,0,0,0,0,0,0,0,0,,,,Other,Other,,2548,ELV001-201,0,Non-Priority